5brG56hsi0;1
6egarehspb;1
7hvRsshsu7;0
BHHzFmSAVRl;1
BJ7k3DuAYHS;1
BJ7mxBhgH5l;1
BNk-j28lcUK;1
BO13Oh2lC_N;1
BO1wLcAlmx5;1
BQH7sAbFw9r;1
BQH9UgylQV4;1
BQNozj9FNeB;1
BQNrOknF1oo;1
BR5nbSvhPKp;1
BSbdiTeB5dV;1
BSbkPz8BvTE;1
BSi3lXnhtWT;0
BSi64TNhiBu;1
BSLj19BByXl;1
BSLjH-tBBxO;1
BSLjSA2hPQ4;1
BSOdtN2hRGx;1
BSOdYJNB09x;1
BSOeOozBsGN;1
BSoWRMnhvgy;1
BL0r-1olitf;1
BL56oisFqrD;0
BOFSMYelahS;1
BOqw0brlIgQ;1
BOR4fHvlwK7;1
BOrl1lmFOQI;1
BOuhl67lCKQ;0
BP7W95zFpHN;1
BQHH-KBFj-9;1
BSNv6jLALtk;1
BLbadEGA0Te;1
BLirziEA4tN;1
BLiu_ZPg6So;1
BLnfzgIAU0J;0
BBc40kQvsCo;1
BG2quAmPsOq;1
BGlrCPnvsL8;1
BGxA_wkvsJF;1
BH9gXJpgnQh;1
BHroItnAyMQ;1
BIE6ndqAPxU;1
BIfaGc5gmvg;1
BJIbAwCA05K;1
BJovHmpgH5s;0
BK8YO0bAF9A;0
BKcRd9ig4J0;1
BKDXyUCAOMe;1
BLlQrLnAK-J;1
BMgselGgCl4;1
BNvy8AEAHup;1
BOglwvYAMIe;1
BPg0u3hgw0o;1
BQXEl6uAWFj;1
BRLIAvyAhyl;1
-1cDmKHuZs;1
#NAME?;1
#NAME?;1
#NAME?;0
#NAME?;1
9F5wfSnuQh;1
9IfYC8nuah;1
9xqcExHuRP;1
9xr2ELHuTI;1
9yM9iUHuXU;1
BAF7oeHHuYO;1
BAKLvPxnuV4;1
BAKMeYlnuW-;1
BA_gR0CnuWP;0
BBjzFmdHuRp;1
BCcPlkEHuTE;1
BDAHPpCHuYk;1
BDDC4gWHubk;1
_Tc5tNHuQ9;1
_Tis6mHuXo;1
_WLa3YnudB;1
_WLznhHudV;1
__eSIcnueP;1
BJSeIcqA9Fl;1
BPyjJYZATb5;0
BR-fWJOgZvK;1
BRR_LOkgoJV;1
BSetyctAgx7;1
BMytg7egImw;1
9jCS3eAGkc;1
BAuWNC5AGgL;1
BIpSiD-AjqT;1
BISFJorgl3r;1
BL_IAGmjmlC;1
BSq0EbSDOuy;1
BTNJa_cDVzC;0
BNRQpGCgu3t;1
BNRQYrkgsEO;1
BO16EdIgnGK;1
BOeOLQXA_tV;1
BQnS0e1B47J;1
BQnSOdbhcEw;1
BSdh0BohE5e;1
BTbgfSBBbxB;0
BTQotA0BsAk;1
BU1RWv2BMyy;1
BU1yUsjBqqm;1
BUhX9ffhb82;0
BUonqUwhQ94;0
690xvFNns-;1
96EryqNnmf;1
BCCt6jHNnv6;1
BIsKFg6gZxJ;1
BKPtvlogKwK;1
BTqSOgxjI5W;1
BUTrbEKjPJy;0
BUTrGOhDOHI;0
BUZJar7jwCx;1
BUZKqgDDJzg;1
BUZLXx2jO-3;1
BHNK99kjVjb;0
BHNKdE9DBdn;1
BHNKEIljwHI;0
BHNKs-BjwVp;1
BSx2lgVFydA;1
BBLA8VARSW4;1
BLOC72PAmTc;1
BBkEgb-whAj;1
BRDyWVEj-Cc;1
BE1U_NbING5;1
BHulY7ZhZLZ;1
BHV7ddIjS1e;0
BJWv0NdD09K;1
BJWxI9EDtCu;1
BJWzJcxj5xP;1
09cpu1R4vS;1
14njVnR4vJ;1
1C57O3x4uB;0
80O7I6E77e;1
83GRiAE7_G;1
93OEayk7zH;1
BA3GGrqE73c;1
BA6vxk7E71e;0
BFbDGqqk7wP;0
BFqRM9-E79o;1
BH9F5CNDTMG;1
BJNOKQEAlZD;0
BL5jpJHAlI9;1
BLYV2LjgrvM;1
BMnGmw4AFmT;1
BMqXqZMAkyY;1
BN56BZggVNh;0
BO7AP00gbU3;1
BOg76DcgqE-;1
#NAME?;0
BA3g4VHJMdi;1
BEdiA4QpMcg;1
BIg75k6BtPp;1
BIr_xv3h7AO;1
BJ4-bvUhYGm;1
BJPp60gBtCK;1
BJU12EbBzLH;1
BKatm2WBh0s;1
BKUoDhqh6Vx;1
BKx75czh8O7;1
BL2L7UZBnxZ;1
BLnNlguhjTQ;0
BMLbluLB6mX;1
BMlROlqhWyV;1
BNzCOOKhS-4;1
BO12xZoBkW4;0
BOhiX6kBWwl;0
BPygi74BFLx;1
BQa22FfhueV;0
BQu5Uk4gauX;1
BRVnalFA1Qc;1
BSsI0L6ghQf;0
BSXe-RyAQhq;1
BUt3oUSgIwX;1
BUyBzQugBxK;1
_-VHz0JMfb;0
BOcZBmqAeLG;1
BOcZiRtAuFi;1
BOLaWkuA3wx;1
BOoCrvzgn9K;1
BO_bOYsAbiL;1
BPByMGug4fc;1
BPJaxfkAhiC;1
BPY3qFYAYm6;1
BPzDgsxA1kc;1
BP_dgRrgXvQ;1
BQ94iPTgwG4;1
BQna1ingA-S;1
BQ_uDrnAr04;1
BRH1fN7gsUp;1
BRKYakMAEYt;1
BRQcBEvgqZb;1
BSxW3pRAr0-;1
BS_GNhfgzhL;1
BS_nwKMAWti;1
BTae0COgA6W;0
BTByqSnALBe;1
BTg3vc-gjb_;1
BTIiNfrAF0k;1
BTIiZv7ANUD;1
BTNguW3gERS;1
BTsXd0oAbqQ;1
BTWG34Gg90c;1
BTWMqX1gDUg;1
BTYiEbyAdb-;1
BUFtInGglZX;0
BUHNvD9Afvt;1
BUM4PyjAnkc;1
5WpQ2JIb-T;1
BAjOMxXob6d;1
BGWqSpXIb8Q;0
BIfRI7mgLzd;1
BJ-VQivAv0o;1
BJ2iz6dA1TX;1
BJK3Ge7gG0h;1
BJSkcMOAHu4;1
BKpvJtcgHJ6;1
BL07CBBh1mb;0
BLgDPQGBrYd;0
BLi6iAfBvIn;1
BLOMyxZBeyv;1
BLtChb5BqQE;1
BL_OkcDhqUM;1
BMloR9hBhgy;1
BNjejGaBG1h;1
BNrUkLyhCOz;1
BOsIwzAB63Q;1
BQiOGLPjXEW;1
BQXqgJXjzOb;1
BUrLiXcB0Cx;1
BIHk9UQg_W3;1
BK8jdsrBUcM;1
BNRdfnEB3G7;0
BNZF0hhhvWM;1
BSDS_pZhF2u;1
BSTobxGBzlV;1
BUd0gGNBz3u;0
BBt9cGkBZw5;1
BCxVO97BZzg;1
BDqD2zzhZzY;1
BDuf82ahZ3_;1
BDx0cjaBZ4_;1
BE3djD5hZ-z;1
BE3L1rOhZwW;0
BFEQ87EBZzx;1
BJ2J7CxDbYm;1
BJz9ViyDYJh;1
BL3E8XKj17q;1
BLVgFE0jO4N;1
BMItpkQDZ2n;1
BRewZDjAcfV;0
BRUkeWugsBh;1
BS2j0eIgMIr;1
BSAp8m-Ajo-;1
BTduHItgFdb;1
BTdvDMuA8Gy;1
BTvM3e-g9CJ;1
BU012nCgTDr;1
BU1DCZ1AQD-;1
BU5fMtUA04_;1
BU5Gk4jA6r3;1
BUHcVi3AJQn;1
BUnZ_B_A4Pr;1
BUp9yb-gOPy;1
BUqrpkEgW_v;0
BLOQNLAgIgJ;1
BLyEhm4A0Yf;1
BMiimPOD9aD;1
BML2yjVgj8h;1
BO7ja3iAiEt;0
BOSQr-2ABjw;0
BQiUxwmjSS2;1
BQxeeY4Dafa;0
BR-lvJaDh4s;1
BRx5cqhj1kY;1
BRzdlj5jlcm;1
BSoDfySjL0Z;1
BSS1_JWDocd;1
BT3wjxGDbdm;1
BTB7MhcjYSu;1
BUbrpJRjYMD;1
BUtuh_1DcOj;1
BUUAxU2jNZ8;1
BUWChQHjdPX;1
BUY9uUAjH2r;1
BA4QaBpRFkY;1
BCUz2WNRFmx;0
BGwMWXuxFh4;1
BIXXahIhmtE;1
BJ7vFhPB57V;1
BKp-536BCnR;1
BL51xFtAq5k;1
BLYXYKUAjhl;1
BMoNfXWg2fk;1
BMszjQRgrby;1
BO9_wwUjmob;1
BOMlmX5Anfz;1
BOWsSgTAoxU;0
BQ0FVOsBH1C;1
BUTi59nBGZK;1
BGPG7bvtvip;1
BKQdPNGAt1z;0
BLD9ibpg3m2;0
BLlb64kAeTR;1
BOeGAjegTsr;1
BOhHUy7gk8b;1
BOpJGiOgTQ9;1
BOrHT2Gg4bs;1
BOZ3OBSgMsd;1
BOZQEh4g_r-;0
BO_KuAUAH2w;1
BR1nQs9FM4L;1
BRYVA-ulh2l;1
BSpOGmBF0Il;1
50T70MA6Qa;1
50UGSMg6Q7;1
50UWCDg6Rc;1
5kaRyeA6UL;1
5kW-Dpg6cH;1
5uFjENA6Sz;1
BCKyU9oA6VF;1
BFpfHOMg6dR;1
BFpfVqsg6d3;1
BFqNRu_A6R5;1
BFr5hbxA6Zp;1
BFsHM7ng6YU;1
BFsN7iEg6X1;1
BFsPTb_g6ag;0
BG-K4IvA6QW;1
BG-XBGpA6br;1
BGhE2POg6Zx;1
BGhOoQFA6VW;1
BGO91cgA6X9;1
BGOhPlQg6Yk;1
BGOWxA6A6XJ;1
BGQEqpOg6Wn;1
BH-z4_yDSq6;1
BH1yODYDGyW;1
BH1Z6zpD4XI;1
BH2AjHPDD-g;1
BH66Lw-jdRt;1
BHk34dwDINr;1
BHmtgxrDqKh;1
BHpITNMDRG3;1
BHqOeBQDMnI;1
BHUXnB0DK8k;1
BHUYASajg2z;1
BHUYs7wDmYW;1
BHW8_yNjrqc;1
BHwHD1LDfQh;1
BHx8057D9m9;1
BHYDdkrDpjN;1
BHyikavDjJ7;1
BHzjpJaD36e;1
BHzL1cEDtRr;1
BJFosC9jdBt;1
BJmGWtijOY-;1
BJQOTOjDo9k;1
BMONqoUgNxm;1
BJClj7gjuo2;1
BMjH9wNAIww;1
BMoOkEJg_-U;1
BPmn6OLlyO5;1
BPUvumbF25m;1
BTuLkWBhVsy;0
BUcODIxh49A;1
BUOs1PPh0O7;1
BUZ1ADeBT0W;1
BN3IthmDSls;1
BN718OXDZia;1
BNaSHhpjIkZ;0
BNaSt-RjfFZ;1
BNMH5ZCD3Y_;1
BNMI-xEj7M0;0
BNMI4-UDZS2;1
BNMIwYgDZhp;1
BNmPDT8jGGe;1
BNmTWFAjESY;1
BNOS6-ajbZy;1
BNOSnj7jyYr;0
BNOSSqaDdRK;1
BNOSuGHjE1k;1
BNOSZLNDe38;1
BNOTIKmDZlL;1
BNOTT1Kj1-o;1
BNOVogED_Wa;1
BNOWsg_Dg98;1
BNt7sjuDPEj;1
BNt9iPtDSdw;1
BNvDMK9j-W8;1
BNVKK0wj3CS;1
BNW0fyoj9NT;0
BNW0Yx3DIfT;1
BNW7135Ddob;1
BNW_MuoDto8;1
BNxdlSXjFC7;1
BN_383ajJRr;1
BN_4bacDorn;1
BN_4HFfD5L5;1
BN_4lfcj8-N;1
BN_4QQ9jRRf;1
BOS0j37jmKD;1
BPq6038jpMN;1
BPYuhUZDa6m;1
BR3Nz7ahy7H;1
BR4JjSnhGU7;1
BR7A_1BhPKy;1
BR8qmgHh3QA;1
BRhAPpxBhcm;1
BRqrY6vhpSO;1
BRr2hZHBJMW;0
BRr2u-Wh3ay;1
BRZX1yZhEjc;1
BS8FvVxlRH-;0
BSA-iA4hkQR;0
BSA-rbmBTU2;0
BSA-TycBWT9;0
BSaq1Nbhb36;1
BSarC3NBDmO;1
BSarEv_h7lC;0
BSCepBFhbfW;1
BSHzt_WB1RW;1
BSKuyR1BXHl;1
BSWmaGmhISa;0
BSWmp_9BONU;1
BTCF2dXl6Gb;0
BTobDoqFLHR;1
BTu09CqFwTD;1
BUGf3Xdl35-;0
BMpgY8Hjnpz;1
BEANmH-CQFR;1
BFGHOFyCQHF;1
BIpmyvvB-hI;1
BNEb9MihQFJ;1
BODuRcBhPnq;0
BOTh5Ohhbd6;0
BOZurwJBFoE;1
BPpcs4-BSui;0
BRgGvUXguRl;1
66-I5PusN8;1
8PZMTqusOB;1
BBMaCZmOsC5;1
BFnBG_DusNs;1
BGRKyzTOsBN;0
BH6L3qMhGPs;1
BIec6ZzBmBZ;1
BIG2MZogoaj;1
BJ7xtroh8o3;1
BKdFDWPBhSt;1
BMu_uVEhNTh;1
BNTC2Anh-pM;1
BSavjGSBhSe;1
BSGGbqOhISK;1
BTLvjYth-pQ;0
BUZISjLBD5x;1
BUZSffyBvWx;1
88GDZwEeWL;1
8xg_33Eefu;1
BB2mKr9kefF;0
BBTs_jzEeQP;1
BCSCM1rkeQX;1
BHH2CQQDUA1;1
BKgB4zXDH5D;1
BKmFykeDtdp;1
BMnak7cDa0O;1
BMyxVbOjnZw;1
BONxR8KjIL-;1
BQT7isSjIs8;1
BRx_x0_ljRl;1
BSGgWO_gHJp;0
BUa4_seFzJS;1
BUb8THGFd9x;1
BUbv4GCFY_4;1
BUmWOfUFU-M;1
BUooomGFtN0;1
BUOPbdiFrVF;1
BUOPibXFW7o;1
BUOPkeHF4AL;1
BUQ3d2plmFP;1
BUQ3hnNFnI0;1
BUQ3nzxl9yi;1
BUz3uJPFzoV;0
BRo_gGoBmCq;1
BRu4vaDhuGN;1
BSesjkWBkS1;0
BSj60SohRN3;1
BSLvjrmhO_u;1
BSYqJ-5BuU0;0
BS5rUh-Aqel;1
BTujTXDgV1i;1
BUsj5h2giFQ;1
BCuui8pokoi;1
BHttgm7gbdC;1
BNrOZawlTjJ;1
BOumqrEFvRy;1
BPO7IPIF5CC;1
BTJe5yXFXMI;1
BUMa848llx7;1
BUMc-y1FJ0d;1
BUweqpuFuq7;1
BUY4-Jhld_j;0
BUY7aF8FuZW;1
BJ7i46DhsOu;1
BKuLmeiBt5Q;1
BLmq_walJ8N;1
BLXp0Qrltbh;1
BMm4fo8FBrq;1
BNb7HjklNpd;1
BNRVNsXlVVW;1
BNRWck7FxAx;1
BOhk92Vlmzs;1
BOhlQOgF1yJ;1
BOuEAMOFDr2;1
BQHt_HVlOOO;1
BQZoz9AFmu-;1
BRC2N0xl1gG;1
BS7kU9BFomE;1
BS7kWq8l2Zn;1
BTld9qjl_8I;1
BTtkRY0lmri;1
BTyNQ1lF1Rp;1
BU51pXOFVCi;1
BUzKPCGljDz;1
#NAME?;1
#NAME?;1
#NAME?;1
0hAfjxEylo;1
0haTKFEynZ;1
1ig0fukyqW;1
3qS3cvkynB;1
72Wxwekysm;0
7H9KU6Eyi1;1
8RYNefEyhb;1
8ZHQCrkyhA;1
9ww_vuEymF;0
BAAHwirEymM;1
BABNve7kykr;1
BCiAErYkyoq;1
BCiCqkGkyt8;1
BCVLnbGkym0;1
BGhQvkPEyq8;1
BHf_bRkB0a7;1
BIDDRjJhaCy;1
BJApH4OBMh0;1
BJAq3Ckha0O;1
BJxg2sdhPuN;1
BK5nt1sBUrd;1
BK8DGU1Bte1;1
BKu5l1mhseP;1
BLa06UaBFud;1
BLBN1LnhNod;1
BLknKZ3B8Mr;1
BLkoFSTh4zi;1
BLkRlGSh-EF;0
BLkSX2ZB3dd;1
BLyfS9kh0Fr;1
BNhVwzhBODG;0
BNi0G43B4O4;1
BOQ63wMhlWk;0
BOzb-9ShU0P;1
BP9tD7UBTlo;1
BPi5vCQhhrR;1
BPi5wnChGAw;1
BPzB28GBzna;1
BPzB4qShUWb;1
BQqFsEmg_eA;1
BQqQb1wA9OR;0
BQYHn4Ohy5R;1
BS9wD7hgS1H;1
BS9xUfzAa4E;1
BT1aK02go9U;1
v-r9NFEyg7;1
wAUWjOkyjB;1
wDyzlBkylv;1
wESfzNkyuB;1
wseNLmkyjl;1
x-3tzykygd;1
x_AE1Tkyth;1
y9dAnAEyvy;1
yDYJt4Eyoy;1
yE999TkyrN;1
yRycbTkylk;1
yUGOgGkynH;0
BJH_i-6jwGo;1
BJUIZDIjsWw;1
BK5mVHBD_x5;1
BO_pKISASeu;1
BPe9es3jQFx;1
BPwcU5rDasj;1
BR9Yrf8DrUG;1
BSc98GRlgNE;1
BSi0rXDlIg_;1
BTdr9FzlDTz;1
BTU50iAlFJJ;1
BTyrkUhlY_c;1
BUltSAGFWNc;1
BTjPtudgdxz;1
BTwBOfCAScf;1
BTy6A--AtjM;1
BUPVeBqgfBV;1
BURKQ20gLZ3;1
BUTaEB1AP_1;1
BUTYlzug3tV;1
BUTY_GmArdP;1
BUTZMGUgcvt;0
BUv-xeVAP-F;1
BUZd2GKAjc2;0
BSeDki0AUKk;1
BSX5rHkAu_4;0
BS_lP-PgBUF;1
BS_lYKOg9vO;1
BTHRg1Ig64L;0
BTPDBa6AvPo;0
BTrcgV-gAl1;1
BTRcyYTAzzE;1
BTUF3eZA_MR;0
BTUGCJwgZQT;1
BUhvbFTALBN;1
BUYZdNGgKAr;1
BEAnWZyR_Ig;1
BH-zs1PDPUM;1
BIcQMtrDJT5;1
BImoew9jyfT;1
BIOdmnKDDQY;0
BIOhCyiDop-;1
BIOhmtYDxXc;1
BIOj86dDR69;1
BIOkgivDTr5;1
BIPxzdbj9Di;1
BIuOkVGDoQj;1
BIusHggDm1j;1
BIWhjf5j6je;1
BJ4GyxYjGFM;1
BJINQXhDXBr;1
BJK8UuoDoMd;1
BJPxbE2jYR1;0
BJux3WnjEMb;1
BKQQKxvDWTY;1
BKRpkFPjRmx;1
BKSH-BRjkYL;0
BLDPlzADV23;1
BLDRFNqD4ei;1
BM3vvDiDPFZ;1
BMd2PtuD_5C;1
BMdLv1RjWOk;1
BMq4mvfDmEx;1
BObs0ZeDgf6;1
BOwGQdjDWVr;1
BP1l9gXDGYs;0
BQ7WyqrhXQk;1
BT09w3vBZ5s;1
BUlIcKiBrRh;1
BUmGd6pB7HP;0
BUwcG-UB9ov;0
78D4oPII_4;1
80Yj16oI5P;1
8xvyF-oI8A;1
BEheZu4LPBk;1
BH5mczMhERj;0
BJKzunuBFSU;1
BJskpOVBW-x;0
BKNKNn_BjB9;1
BM8r1NNlkBi;1
BNWYN0mlwlJ;1
BOWxIJTFD-Y;1
BQnQm8FB3m1;1
BH0kf6pAYad;1
BH6KpbKAY0X;0
BH8QGLFA5l4;1
BHWYWn1gerC;1
BIdmXuGgC8b;1
BIKD1quAZVv;0
BIR0A4jgktS;0
BJ7UKhbAjNW;1
BKkzlPogO19;1
BLlhjsGgyFd;1
BN8RyGYg_3O;0
BNozuU1jSQB;1
BNqv9kyjYjs;1
BNtu0YlDC5I;0
BNXJjBPAJ-j;1
BNY3xNlg8Ne;1
BOcEZrdg0tK;1
BOEZwtPgKBq;1
BOhJikgg3zj;1
BOJNNvugLeQ;1
BOR7ecVgCba;1
BUjwlGrlck6;1
BI12_L3jKms;1
BIM4ODADpdC;1
BJ-h04ej-kg;1
BJ359Jqjkze;1
BJ4N0l7DZoQ;1
BJABuXJjXDK;0
BJkGCOxj4rm;0
BJSRbMajGM9;1
BJW8hTCjcdQ;1
BJW9D_DjCvn;1
BKcYHqVjyse;1
BKDsnhZjEu3;1
BKDw_6fjzO7;1
BKiIV92Dmlx;1
BKN51ryDRsN;1
BKP44C7Dnfd;1
BKP771FDhje;1
BKYO5W3j5a0;0
BL-t1BXh6TL;1
BLSV1WEBNqj;0
BLSX474hZq-;1
BMchO-7B1vf;1
BMG9hoSh7uQ;1
BMoa4fFhukv;1
BMobCUah4Co;1
BN0SzTlB9XH;1
BNgix4jBAme;1
BNrSUZBhqyx;1
BNs4rvAhMvZ;0
BNwkwKrhWAW;1
BNx1fUYh59Y;1
BN_tBGwBT5M;1
BOFClO4BSjZ;1
BOI5BBIhhuk;1
BON_AjCBLb_;1
BOpZbacBwk0;1
BOrcKv0haU_;1
BORkXmGB--r;0
BOUptVmBlDC;1
BOvhUjyBpWC;1
BOwDuIuhoHi;1
BOZCm8ZBq_2;1
BPaKOu0hBZm;1
BPFBuqOh3Wn;1
BPfLJwKBU1I;1
BPga80_Bu7S;0
BPkYO04hDe3;1
BQhF2M8B8Tq;0
BSbLNeyBdRO;1
BSkMeYYhniC;1
BSlfV9VhTkq;1
BSstTkNBc15;1
BSTDZVEhFN9;1
BT6IJDVhjTM;1
BTD4pNZBLWB;1
BTJdmFUhpap;1
BTtBEEdhaml;1
BU1E5iZh7aL;1
BUn5shshEQR;1
BUV0Im9B9HE;1
BPCpCR4h8p5;1
BQ9NU3QBFf3;1
BR-wo83hWnI;1
BRh03xyBvlm;1
BRI2FINhZzw;0
BSQvuUvhkhp;1
0ukuCclYj1;1
0uUlDNlYkk;0
1XoixbFYl4;1
3_NlinFYu0;0
4b1sfTlYhe;0
5hEseTFYiO;1
5RtGA8lYgb;0
686ITMFYjx;1
6eSiHtlYq2;1
6_VHz9lYlI;1
7IQz-xFYqJ;1
7zIAsEFYjd;0
BBPZiLpFYvG;1
BF8qYuqFYt8;0
BG6lLVuFYmm;1
BHmYBaSBa0x;1
BIKRSjvBjs2;1
BIpJAkFBdRr;1
BJsXetohEOm;1
BNk9gWTBtAo;1
BOruhvhjU11;0
BP93i99D67e;1
BPhT6DqjUNs;1
BPxIQEejX02;0
BQ0EJWAg5mc;1
BQ7_sfwAKGU;1
BRPhIgtAYkI;1
BRVLUfUAql-;1
BT6KmeSAJEk;0
BUeYEbrgwwr;1
BUgBYzlAD8A;1
BUje1IQg8G7;1
_tujDYmnTJ;1
6Ch1MWmSDG;1
87AdxwmSNg;0
BAoCn69mSOm;1
BHor0RJhYSz;0
BIr3_u4huRd;1
BIUtENgBcWv;1
BJEwYd8hhR4;1
BJXRKqyhTez;1
BNHQo_XA-fD;1
BNNj2QjjMzw;1
BPgzcFMADKT;1
BQc1W8MgoWc;1
BRqOAtulyqR;1
BRX0V8FDKEM;1
_8PY7RmSIE;1
BHs2P2Jh0QO;0
BI9xGmchRVZ;1
BI9y7bphOoE;1
BOXLYPlBb3b;1
3zuYNigfCP;1
BGE0AnngfDF;1
BGE1ZaagfG-;1
BGgPGsgAfD1;1
BGwlpmfgfNC;1
BOcckC9DXIA;1
BOPUBVsDfbe;1
BOUJPY1jxOw;1
BT8-rXYFhTW;1
BUjX0qxlVuI;1
BUjYrBDlASP;1
z__LijgfCk;1
7hmFkSjQ6c;1
BJ7AH1Cgp5E;1
BJIR1dEgr7r;1
BKPStNNAZ0O;1
BLDe-2vguo5;1
BM6YFeMAbIp;1
BM6YohCgxmS;1
BMbs-HUgc5B;1
BMJMKVJgdEx;0
BP7KQfggxYQ;0
BPe9azpAQQQ;1
BPsHH3iA3HA;1
BPxPC2YgvHw;1
BTp_DM1jCY9;1
9ropITuf8y;1
-1M8NWBekt;1
BEh8iM4BesT;0
BGJdBPSBejd;1
BH7LIreDkW1;1
BH8s3NiDf4g;1
BM6TnBFjxs4;1
BMb1-HnjbM8;1
BMY19qPDg7C;1
BN0bTDzDLrj;1
BNTOuLxDAIw;1
BOrIbBbj6n4;1
BPhqL6YDYOq;1
BTLwTy_DEMC;1
BQgH4dAAFE3;1
BQgH6s6A45V;1
BQhybGDB5ti;1
BQhyJ2uB7sm;1
BRPN6NmBXbj;1
BRPOxIbB0ni;1
BTGyTN4BdPI;1
BTIqDkDhler;0
BUie2o3hURX;1
BUifAcHhn7Y;0
BUifJfnhpWX;1
19_lc-KK8A;1
1H2PgQqK7U;1
1ksNykKKyu;1
1uE0AFqKx-;0
2zS8TGqK1t;0
3iSRomKK6e;1
3RRn8hKK52;1
4g_tlSqKxD;0
4k7CRiqK16;1
4k8uEwqK4g;1
507vV0qKyS;1
6mQkBLKKzE;0
7WOxwSqK87;1
BAE4vjbqKxT;1
BBvqT14KK9g;1
BDiktgyqK5_;1
BDp6Y7_KK4j;0
BEghEvJKKx-;1
BE_gyYxqK7s;1
BFMMHuvKKwl;1
BGF9WNpKK4n;0
BGh-Gd6qK0R;1
BGK4jufKKw2;1
BGw5lrUKK51;1
BHFIRbpATTg;1
BHn1oxEAgka;1
BHtME93AtyU;1
BInAzkOgQt1;1
BJdHDREAE8p;1
BJEhykUABvv;1
BJNmlx8go8-;1
BJqBIPiA5hz;1
BJuq8Dwg3p8;0
BK43ToLA4g8;1
BKyB7-2gwlv;1
BMn6xQxAASZ;1
BNhAZrigSXN;0
BNtrlVNgWFz;0
BNyJLf5gSdr;1
BNYxpeBAlcU;0
BNYxR9lgbDx;1
BOo1qEAgHm-;1
BOrWCCagmaD;1
BPP2d4AAagI;1
BPPy_FEAKRE;1
BRf4rcIDwr6;1
lJDCNqKKxG;1
p55rygKKzf;1
p59L4yqK2d;1
pBlkJ2qK2u;1
pFZOWwKKyu;1
pktPFMKK40;1
pny8mzqK6K;1
qF5DpLKKxM;1
r582AxqKy2;1
sLdTrwqK-F;1
t4oBWiKK8v;0
t4v6qVKKya;1
x-4rXyKK2K;1
x9XiG5KK4o;1
xCBDVaKK-7;1
xJL9K7KK9T;0
xOWAoJKK2A;1
xqDlUsqK4H;1
y9XAPtqKw_;1
yicn1MKK6I;1
yMUXYFKK91;1
yvaxDLqK2I;1
zClgRIqK3L;1
zW_Kp_KK9Y;1
z_uvSeqKxa;1
30HwwSRUdz;1
321xdnxUbM;0
33EdOExUdN;1
33JCQXRUTB;1
3iJtzgRUby;1
3iPF8rRUTT;1
3iSn0pRUXi;1
3iTJ8QRUYS;1
3kl5_nxUc-;1
3kmklERUd_;1
3kosL_xURR;1
3lHdECxUc-;1
3lHkYQRUdD;1
3nIaAdxUeP;1
3nIS20xUeE;1
3nVdatxUVK;1
3oV_RjxUQE;1
3q3M2ERUUh;1
3sFAL7RUfN;1
3sFWYYxUf9;1
3x4xF0RUXa;1
4Ip2hMRUWS;1
4IpmbORUV6;1
4NtdQOxUUe;1
4rIhjeRUWl;1
4rIlCERUWr;1
4S0SWUxUR9;1
4shfAmxUYI;1
4tnUMIxUa-;1
4VKeVlRUf7;1
4v_r7VxUaa;1
4xlupwxURF;1
BSU2eZ6FGtq;1
BSWOQZHlQ_Z;1
BUeXHxNFOpz;1
BOGdeNrAS90;1
24nU3RGSKZ;1
BEdILxsGSOM;1
BGEhMz7GSFi;1
BGeicWTmSFa;1
BGEko_XGSN7;1
BHESCdZhKxO;1
BHpa2-tBAwt;1
BIxTGqghe14;0
BKH_wrGBTws;1
BKk0oVQBreY;1
BKkzOPAB0-r;1
BKSzR0IhqtZ;0
BLQdFGKhKyI;1
BMdZ56ohVZq;1
BMjVjPABH28;1
BMlof3Bh16j;1
BMqEpTMhdf0;1
BMqwPDhBQjr;1
BNUEK0mBN8h;1
BOhgPjvhgTK;1
BOkEqJHhkKw;1
BOR1HJshyBv;1
BOrC6ziBYfo;1
BOTRKD6hhOB;1
BOYgHMSBSke;1
BPRBroXBRBw;1
BPRHBXUhQoM;0
BPRw6QuBoG9;1
BPShvlmh0Sm;1
BPuEQSMhTj6;1
BQ-TKhuA4B7;1
BQAbSt2hwwy;1
BQAB_qmhj6j;1
BQC0WqqhVVr;1
BQFgFWPABGI;1
BQkjg55hfyy;1
BRGDiDBgWio;1
BRGDpfbA6XT;1
BRPUi9LgRq1;1
BSBZlWdAuJu;0
BSGdiCngk9r;1
BSiY7URAuUT;1
BT01XKVA_0W;1
BTGevRIgnmy;1
BTQ24Ljgym8;1
BTYiRDqgM0-;0
BU1R2J2FJdO;0
BUg22K5gjJx;1
BUg8wCvAFBM;1
BUTkXTFASKx;0
BUyV8SWgrR7;0
_Jx5EEGSOP;0
15BFhhOLoE;1
30SSXlOLkV;1
BAmc09ROLj9;1
BGEqGxkuLhk;1
BGx-OH0uLk1;1
BKurXAHDs3c;1
BMAvrWsDYpL;1
BOPe-1yDvUl;1
BQvB0XZAeLu;1
BRNnd-ngN2E;1
BRPharMgbNr;0
BT52EOKlMmB;1
BT6kMEOlb54;0
BTJFglul_fo;1
BUeh1solrTR;1
BUjvQgFlXoH;1
BGJA0oDOj_T;1
BKky1oWAoKv;1
BGHLT3cDFwh;0
BIFSpjKhZnm;0
BJSYElPBd6G;1
BMrDGZLAzCa;0
BMvLU6oAUL5;1
BNJ1uXqAn0W;1
BNJw9ACAh7y;1
BOCIXMMAbDo;1
BOFRCawATTb;1
BOuDpI-Accv;1
BQfv_z-gH39;1
BQh-R6igjNW;1
BRNk09dDclT;1
BSlZdYxjBFa;1
BTJk3p7DxWE;1
BUeeOZpDe3h;1
BUMcydgjWRx;0
BUMfH9jD1n1;1
BQ2hPIQgePN;1
BQ9TMxxA48G;0
BQcz1kjAmqZ;1
BQkuiEuDToU;1
BQpP6tfglED;1
BQsCl0uAjTE;1
BQxnwFqgbcr;0
BR-h_FGAG_O;1
BRQZQ4RgGBI;1
BRVUyuBgHqJ;1
BRxgeQzgGBt;1
BSA_eRWAPpO;1
BSOVfOsARM9;1
BSp7x7fgeXl;0
BStDKNuAxHk;1
BSTmHQ7Ajme;0
BSVtpKeAjX8;1
BSXcnBOAVZj;0
BSXu4DyACVZ;1
BTbXgeSALPk;1
BTeObswg9Y8;1
BTjUaKdgQ9G;0
BTOzUwbg0N0;1
BTQHcg4A8gT;1
BTqm4-VAcm4;0
BTytrF7gW_t;1
BUbpNLPgHrf;1
BUeZ6pwgu2T;1
BUhQ2IyAPyg;1
BUHWVfLAkFx;1
BUlca44AJdk;1
BURqZsjgkrh;1
BUgk3vUhdbk;1
BJNlwyLDVbr;1
BMoX3_rDXGb;1
BMT0CnVDm3b;1
BPSC_tkjeWP;1
BPSLvcFDKvK;1
BPxDuJfjjM1;1
_NzgNqHkcQ;1
BJ9az11AEWi;1
BKsi2iUgT5T;1
BMY2oOhAnnp;1
BOuAkA-g3YE;0
BSyOjlID0uK;1
BO_M-z_BIup;1
BO_T028hd_L;1
BO_UJ-MhnZL;1
BP2WeZ9BX-Z;1
BP3mof_hXOi;1
BP4clepBXgO;1
BP97k0ihlsM;0
BPBxSh8BdG0;1
BPiMfvVBgkP;1
BPQTnO4hLdd;1
BPT65DpBSvq;0
BPT6rlvBKq8;1
BPZJiGWBeIa;1
BPZKkYHh5y3;1
BQ8MyRtAoeJ;1
BQ8N--cA2F2;1
BQ8NelRgW11;1
BQ8NNrLAmIp;0
BQ8NU0DANG-;0
BQ8OF3tgqNI;1
BQiWesTBFLE;1
BQRssFzhVUO;1
BQVDTJ9B9rb;1
BQXKQWvhkwY;0
BRi4EnEgwuA;1
BRijqWvgZi9;1
BRikD4pgfCb;1
BRikH_KAcxD;1
BRiWVlcgKMn;1
BShszoPAGdQ;1
BShtVhaAwKn;1
BT6hm27g_GP;1
BT8vaRBgdEG;1
BTrE_ZFA68F;1
BTrFPAAAOH0;1
BUwveQggxnN;1
BUZQAM4A3Cj;0
BOBm583Bfga;1
BPM1yT-jsOY;1
BPM3A0PDDQP;1
BPM3fKJjgqb;1
BQ-aVb0gYbP;0
BRA0Oklg5UH;1
BRczttsAf74;0
BSNzE1JATtR;1
BSVnzSoATin;1
u8HeKuw1Py;1
u8LOyow1Fd;1
u8NEJiw1IW;1
usBk4LQ1BL;1
uukaKmQ1Ox;1
uukovow1O2;0
v-qp35Q1LF;1
v0yK5zw1NX;1
v0yllNw1Pc;1
v7rSfgQ1Pj;1
v7RSNhw1Lp;1
v7we1Pw1If;1
viBjEWw1Pe;0
viBP6Kw1OQ;1
vsUEwAQ1Lx;1
waj_uYQ1AI;1
wc5i2Qw1AA;1
wcz5d8w1I9;0
wdSP93Q1IF;1
wL_xQHw1Mi;1
wY3R6nw1JO;0
wYw419w1Hj;1
x31c1eQ1B9;0
x3br_rQ1K_;0
x3Z72XQ1Jy;1
xg3oPFw1Lb;0
xg7tJJw1CL;0
xOFCnKQ1J7;0
xOFER4w1J8;0
xRcpbBQ1Ff;1
xRdMBgQ1GO;1
xRVhRAQ1K_;1
ygj3f_w1Di;1
yjcuQaQ1Pn;1
BBm89M7jNjw;1
BBm97_gDNli;0
BEdQ4kujNsS;1
BFOhf03DNoz;1
BKxYduXgiou;1
BMjXtP9gQFt;1
BOZT8Y-gbBt;1
BQ7eQpLD5KH;0
BQ7eSP-jxwh;1
BQ7eVxhjKJt;1
BRQBcEXjPFt;1
BRQBp9ojVhH;1
BTIrKi-DCaR;1
BTIwj85jE-H;1
BUh0mCsDoIL;1
BUh0N7yDTzR;1
BUhzDbejG_-;1
2xQEkESF-_;1
3lEkp4SF17;1
3Om41cSF0y;1
3Oo7WryF4c;1
4ZaXyNSF37;0
5bVT0WyFy6;1
5tpK66yF5J;1
5W0zwuyF8q;0
5_2VstSF2T;1
67EFcTyF0g;1
8NwmJ-yF2-;1
8sN7KNSFzj;1
BBMPfjhSF42;0
BDX1mQnyF7T;0
BE2v07XSF-2;1
BEKg4bLyFx8;1
BGLChlPyF4X;1
BHjh9ABBZz-;1
BKSul8-hwd1;1
BLbOPrfBsEi;1
BOwITJTBAUa;1
BRhcqE5hkYy;0
BUuOzHGBZ3T;1
BOrA9V7AOR3;1
BOv2MQEAXQ0;1
BOwkGqeA3X_;0
BPCCS0LgdXm;1
BPcnbf5g0Oi;0
BPnjEkMABKd;1
BPsPxoWgj9A;1
BPt6wxQgFtX;1
BPuQUbhgusw;1
BQ-oAPfgSQY;1
BQfB8nIAfB2;1
BQfTu_Dg2ox;1
BQhQ2HaAQRb;1
BQkifPPgUmY;1
BQkIW_BgzjP;1
BQkt7M1gJxi;1
BQxNhEFgnHZ;0
BQxniPngnlZ;1
BQzeJs1AR5-;0
BQ_4kNFg9M3;1
BR24oN5AFWg;0
BR2mxt4gx0C;1
BRAnLJOAucw;1
BRLPAz-AJkm;0
BRLZsaAA3dG;1
BRM_l-tArsf;1
BRUsYXrAf_L;0
BRV7YIfAYo3;0
BRVoezCghHr;1
BRVYczBArgM;1
BRXWJcLg6Qs;1
BRYCRmMAMqw;1
BRYjJsQAGuY;1
BRYVzpDgQHR;1
BS2xsmDFh1i;1
BSanl1-AcLw;1
BSbcZPgAEJr;0
BSftBgZgDm1;1
BSI9EUNgnEo;0
BSkddd7ggYD;1
BSkdX1DgdZ7;1
BSoaK4RAwOg;1
BSq507ygxtz;1
BSqKMvuAgIf;1
BSsPUmQg-xM;1
BSsudK6APDs;1
BStKnwHA7rF;1
BSTT9iKA5ze;1
BSUjjJ1AGD1;1
BSXdMDXgtBT;1
BSxiZw6g4z-;1
BSxJJ6Wg4pV;1
BSXn7CagobD;1
BT8BxLuln7B;1
BTaayOKl10q;0
BT_Y1kyl4v9;1
BU53O9xF9x7;0
BUmP3ObF4cx;1
BUrBb_ZlKy9;1
BUrxDXHlkQV;1
BUwi1M-lKFJ;0
7yhvjFNzpR;1
9S7eEPNzoa;0
9TMmYytzgz;1
9WLixytzrK;1
9WLLDYtzqX;1
9WLxN0Nzre;0
BLhbHbWA-lf;1
BLM9CULgs4-;1
BMDAG13gQDQ;1
BN1hafCARCV;1
BN8jbmvg1ab;1
BNgYX7ggRd6;0
BNhRE7egaZN;1
BNiWvIDgpI_;1
BNlgx2LAcnS;1
BNZBh1ygqyf;1
BP-X4xZgCih;1
BP9_phZgKv2;1
BQBtyDygUzk;1
BQDPRk2AqC3;1
BQPyidJAf3y;1
BTwYUkVABcR;0
BUDhIQRAEsf;1
BUJ8_h1gH1A;0
BUyhV5kg8Jx;1
BL52bxThY3m;1
BLV0Gpihbt6;1
BNVUmKKBFOc;1
BNWOwoABNK6;1
BQsUJmqjVWi;0
BS07on7jILA;1
_rbAItgjmT;1
BK223G1BNS8;1
BK22fX4hI0_;1
BK22oTnhiz3;1
BK23lHYBXDO;1
BKm_6pmBLpz;0
BKNl68ThQPf;1
BKNls67hewZ;1
BKNm-xCh3kw;1
BKNmv02h4Zq;1
BKNmzAOhUf9;1
BMACu7AB0Av;1
BMpM0voh4kY;1
BNG0Sk2BOkN;1
BNGdOn9hxSU;1
BNrBWfTBSby;1
BLqxMUoBf1q;1
BMobSwQh_nj;1
BMv2_9QB_L-;0
BOFR6lDBNxO;1
BPP2nw4hb5w;1
BQfyDXFFVlt;1
#NAME?;1
BR0oUBKF8LY;1
BRiZMA1lNQZ;1
BTOOGSClIRr;1
BUB_nJNFNnN;1
BUOhusulyn6;1
BUToKWvF6tw;1
BUTzaXPFu6e;1
BKxuzJgg8jY;1
BOEuyzrgwMG;1
BOUJNf0gCZ8;0
BPgr5j-g43s;1
BPy-xLpgsZI;1
BQfFVwNg1eA;1
BS3YIq7hxrx;1
BTihDHzB52p;0
BTndnoFB0Lc;1
7S0KPopMsT;1
BC7s1coJMot;1
BDnT7-QpMhn;0
BF81EzSJMn8;1
BGBuga1pMqN;1
BGDqAFupMn9;1
BHdCgLMBBQR;1
BHt5zkEBcPe;1
BIxBvephL2k;1
BJAmv7eBI3_;0
BKFfwtAhayM;1
BLmVJiYBleN;1
BMn8-kNBJAL;1
_6c1maJMp0;1
_tMssHpMu9;1
BCz9cgbsn1p;0
BDsicnMsn-P;1
BEadpYyMnyb;1
BFKlHVFMnyP;1
BFKon9bMn6l;0
BFKoW5TMn53;0
BFLtvh6Mnyx;1
BGMLj3yMn3x;1
BH08Wdajkht;1
BIUs41HA9iJ;1
BIxM-SWgFmx;1
BI_t6EIgl60;1
BJaOT94gp6D;0
BKaBZc2j9Ii;1
BKF5WuSgLaY;1
BKfKXCiAa8k;1
BKvPg71AtBV;1
BLLa4BnAoAY;1
BM6bbUYgf3f;0
BMBsggsAQOE;1
BMjDL5KASV_;1
BMv2G9KgVUN;1
BMYp-kXg4xP;0
BOMrqtIgPZs;1
BPuWboVABPT;1
BQ75MnQhR6H;1
BQHwFK1AcZg;0
BQpLp13BkZ8;1
BQSXP87AzDY;0
BSG6kxWh-ER;1
BTvt0iVBKv-;1
BUd-7Lfh6xm;1
BUDXeEuBqM4;1
BUeQWwqhGxO;0
BUW94fjBF3O;1
z85dgTMnz_;0
_pp1-lMn3e;0
BQ-tBSmhXLD;1
BQ2lhroBBpr;1
BQ6-MhgBdLQ;1
BQfRQgjhZ4p;1
BQhrw15h3-K;1
BQIig1ZBrlQ;1
BQIYZHVBVUq;1
BQK2Kxzh9dO;1
BQkXuHYhoPE;0
BQQIiZDBwjF;1
BQsBzx_B5Pl;0
BQSf-fABjU-;1
BQvAslchfAU;1
BQVRDQ-BM8Q;0
BR21ZJqhCiJ;1
BR22lg7hnN_;1
BR29emZhQN-;1
BRLj6nyBtOE;1
BRX9kW5hnjE;1
BRyDgLihM14;1
BRYQiC8Bbrw;0
BRzQJvMBMBr;0
BRzRtN4hOam;1
BSbHK6YBjBf;0
BSLchvWhafm;1
BSLfAFlh1Om;1
BSLlkhVBWA4;1
BLaswzLBVs8;1
BLBNtPih-L7;1
BLGfz6IhqK8;0
BMrE2jBhaWs;1
BMu3r6IhcJU;1
BN1-tBJhrPy;0
BOsL2xCDW4V;1
BO_nn-nj57k;0
BPaDcQOjIWY;1
BPhGeP_DOsi;1
BPkSzSWjugl;1
BPmleXiD5gR;1
BPM_uLNjTEX;1
BPO9TF2jWOz;0
BPRj5oxjyA4;1
BRxhlTeFsdm;1
BTLv2BqFB0R;1
9-10qJTB_o;1
BIaMR2IA62U;1
BIO3mmnAysA;1
BISYT8-A9wv;0
BJh773ZAl0c;1
BKlEfPRggNn;1
BKQRZVvgpSa;0
BLBGv9vgrb2;1
_lXPL8zB7d;1
BKx2pbWjkbi;1
BOaT3zED5fR;1
BOop91_jgH1;1
BOVM_wGj4ti;1
BOZPms0jFYq;1
BPNVN2QjfMW;0
BPzCn0chV-7;1
BQ7l8bTjWuQ;1
BQE3wWDDTTP;0
BQpcrNzDeFc;1
BS3n-f1DIjr;1
BSKtUoujsPZ;1
BSYbNa9D0gv;1
BTJZQJrDLcG;1
BTLOv9qDqnF;1
BTUBrAEjfGY;1
BU2iWRkDmAP;1
BUcF2GLjwi8;1
BUi9xK5j1ee;1
BBbrrMln7NK;1
BNfL1fIDswd;1
BNfMGm9jQYQ;1
BOdzB0dDGsV;1
BOe3uG0jxPg;1
BOKABfWjwzu;1
BOPUPUGjobJ;1
BOUE_D8jdm2;0
BPo9km6jEye;1
BQ-zUbmACU-;1
BR2358JAPyw;1
BRdDVc1A809;1
BRTSmTTgZC5;0
BS03NiFgRac;1
BS5tJ4ZAYLD;0
BSc2NnYgEl4;1
BSd05VwAvnl;0
BSqRehEgtwb;0
BSTgRysgVnp;1
BSYamU6AoVD;1
BTgwdc0ALZb;1
BTK_36oAUFT;0
BT_Ms6jgskY;1
BK0fRW9AZHB;1
BKLLey2gpXC;1
BKPsrQ5gBj-;0
BKRmyQuAif5;1
BM6SMFzAFYS;1
BN3Vt_Dgg3c;1
BQDIaL8gswO;0
BQNUCYVgKqp;1
BQVBbGIgKAq;1
BR7JTHzFIsX;1
BRcn710lj7U;0
BRqIToGF_0o;1
BS8xFGMlUJc;0
BSc0xdsFpy4;0
BTKzi8blWte;1
BTlDfQQF_NB;1
BU3P8aoFru8;0
5UP7xRCiDg;1
BGtMxHuiiL4;1
BHO5VNbhxVi;1
BHXfj2VB1t9;1
BIwq7m0BxcI;1
BIXa1A6h5xh;1
BIXbMr3BpxI;1
BIxTBSeh9EN;0
BIXTJw8hkBQ;1
BIXTub2hFUG;1
BIXULzOBgDE;1
BIXUtt0hVJC;1
BIXVkUTBzPN;0
BIXW6pTBdI3;1
BIXX4vgBhQG;1
BIXXXXSh94v;1
BIXY3pHhTG7;1
BIXZVNgBODw;1
BIXZzk7B3os;1
BJA66sIBznL;1
BMaAiP1AYVY;0
BMaCd-cAwD_;0
BMaZV4FgTF8;1
BM_YCjkgHgM;1
BM_ZtQkgBdW;1
BNhMOCfgWUK;1
BNhMxKOA31Y;1
BO9VTaKgm2Q;1
BOeEn0rAhjI;1
BOrlloXgktN;1
BOT-VdbgaB1;1
BOwNeUYgfRQ;0
BPe_FpRgX8A;1
BPhYPS6g_rS;1
BQ9ZvLPhaQF;1
BQF3WP0geB-;1
BQpMvQTBDPl;1
BRPqt_Mhj4b;0
BSoPMa3B9Zo;1
BTD2iMkBpOG;1
BTN_trThoTz;1
BSVv_vGDIMn;0
BCRuXqsFUcp;1
BD5NpEqFUYZ;1
BGLviCPlUaE;1
BK7yhSUgWba;1
BKe_BX3gzwl;1
BKk_dtHA7tl;1
BM6XsHjAlcf;1
BMYlTAGglqS;0
BMyuRzOA4bC;1
BN1l25fgBfi;1
BNbuo2bALbJ;1
BO9F_I-g838;1
BPkLstgALdp;1
BQExik6ALlq;0
BR-u8DKlEMr;1
_ySNKUFUSR;1
BLNwd9nA2SU;1
BMWVKaagevr;1
BNrVR-8AmI2;0
BPE8_HYgv5p;1
BRK52LQDldO;1
BSBYyjuD_j-;1
BSvhpH8D2Vz;0
9cvFxVLWAA;1
9n9Z9nrWGv;1
BBul52ULWLd;1
BCc836_LWMm;1
BCc9FwKrWM_;1
BChDHPYLWD0;1
BChDMS1rWD8;0
BChYvYLLWPS;1
_X7EulrWLR;0
BN8Z_qIhRMe;0
BPM3j7ZBAx7;1
BRazLswg5-e;1
BT1XQOfAFlJ;1
BKE5OnDjWUE;1
BKihKJbjZId;1
BGfb47LglDd;1
BGfciadglFH;1
BGVFpsQAlEl;1
BGXnAk3AlJf;1
BHpP7DRB4wp;0
BHr7CC_hkc9;1
BHzbZxHBhzh;1
BJHzKe6gOg8;0
BJKzyTqAaOn;1
BJQcBj2gGOd;1
BJQcItggMPT;0
BJQcUIegr7C;1
BKJwm9DgDiC;1
BI32xVshHo2;1
BKMuRIZh_Dy;1
BMokMNhhROl;1
BN0sGRRA8qv;1
BOBHrxvAZ5b;0
BOj8oErgWuF;1
BQh8XsHgODX;1
BRDRTw8A7Jl;1
BSYNLR8AVXk;1
BU4RVP6A1nQ;1
BUIbcBTlqRP;1
BURU5AQgf7w;1
BJH91xEBfg-;1
BJM-eTQhrd_;1
BJNAKgkBzb2;1
BJUgabOhBZv;1
BMoPCHABoto;1
BMoP_zKBBBl;0
BMYwYooBeQp;1
BQ864kgAXuZ;1
BHjjiWYg1No;1
BIeh4zggLpf;1
BJAY1PfA9e7;1
BR7_8DhF98P;1
BRPjdsKFCXE;1
BRV2OZ2Ffrd;1
BUTw20NFK4I;1
BUUAejJlh72;0
BP4l_mqBssb;1
BQF0iE6gP9m;1
BQnkhLIBtMB;1
BR718zwBUcJ;1
BRlf1kqBuVf;1
BRM-64bBtoD;1
BRM8jg1BlwI;1
BRM992nBqPl;0
BRYaIVdhIA0;1
BS5xOCdBqHI;1
BSab11RhJgG;1
BSF7M-oBBAT;0
BSfLMwJhKgZ;1
BSn1I7Mhxt0;1
BSQqC_cBMsy;1
BStEEmlh-kB;1
BSYPC6BhY5f;1
BTeTwbFBnCK;1
BTf7DHUBZaL;1
BTgslDChvRd;1
BTqzc7_B9CP;1
BU4H2ewh4vb;1
BU5AzWEhGQK;1
BUYv36OBL0x;1
BUYvhevhRK_;1
BF5wF_wSzrT;1
BF7yvr9yzjZ;1
BGEPkmrSztA;1
BL5cT5XDZJB;1
BM-Y8Z0jnpy;1
BM8E42yD7Wy;0
BMapgvpja5b;1
BMlmRq9jv6c;1
BMuhb-TD8ZU;1
BNHbcEkjqFx;1
BM_G2EYg_Ab;0
BNthwD8Azyt;1
BQhtBJPBNOv;0
BR8I2wZhNjM;1
BRkk_7nltHS;1
BSmJyPPBDjz;1
BRvPOiCg91r;1
BSBjMLNgPBL;1
BQ2uXqcAGSv;0
BQ7mRypAYue;1
BQ9N8mrAO11;0
BQ9OBPkAZPl;1
BQfR2udhYpX;1
BQoqReuAxi9;1
BQYF5L2h85l;0
BRfN-9cgfO-;1
BRhAvFhAozk;1
BRxdg_SATp4;1
BS9j5qLgSf0;1
BSBgPEtDtD0;1
BSDxKceAKa9;1
BSeqDyXAs_L;1
BSGCSO7gRNA;0
BTTjxrAjfSb;1
BTttxGCA95Y;1
BUjs1yogGt4;1
BJ644LzAJpI;1
BJ687vVgJCz;1
BL0yOM6ghUY;1
BLAdDRPgbtm;1
BLBJkm5Aoce;1
BMI1lgagSIH;0
BLj89z2j-2t;0
BLjWGIwj0WX;1
BLjXFJDDVky;1
BLpBg9JDc4v;1
hvtQp6kLEH;1
BN0ba3pBw28;1
BN0NnY6hvx-;1
BN0TuP4BJT-;1
BN5aQqHBjHM;1
BODqcbBBatc;1
BT-r4zZg5kv;1
BH6mZCrDjRi;1
BK5sh5cBe4C;1
BMiH-KmBpDI;1
BN-mxnMBjQ9;1
BFOaOEjt9HA;1
BFWXl5QN9D6;1
BIEx95JDSLx;1
BJr51G1jEDl;0
BN_3ztXjz-5;0
BQmve1cDBWM;1
BRWrgfmjEph;0
BFxSXcSRoBG;1
BGTUQxiRoL0;1
BICRcnRAdTF;1
BIONlDQAfRU;1
BIpoxo3AdUB;1
BIvx7ufgR-u;0
BIvyEquAYbk;1
BJ265U6A1fP;1
BJ27AhxA7pX;1
BJANE4DgYcG;1
BJkjvcHg9QK;1
BJKs0Ihgww2;1
BJKtCD3AJGB;1
BJPrZTJA7fV;1
BI4f-3-gXUT;1
BI6Ts5QAvua;1
BI87QA8gBr3;1
BI90TzdgLxj;0
BI9ejdbAoOP;1
BI9fej9AptG;1
BI9qBk2gv9Y;1
BIcXRv7ggi1;1
BIwVh6ugL1e;1
BIXb4F8A2my;0
BIXbsBvgsXD;1
BIXlegCAOBX;1
BG0-ihDNX_a;1
BHCssv5Bs1w;1
BHCs_ZmBb2S;0
BIPz-8uD8AY;0
BG78OUttGdg;1
BH9haBng5bY;1
BH9nARGAVvA;1
BJe0PTOgsa9;1
BJe0RuhgxyZ;1
BJezkTngloB;1
BQ5SKhnhcVK;1
BR2V7B1B4h3;1
BR7q0bMBiPH;1
BRxfx_8BO50;0
BSK9x0zBaac;1
BSLCdbqhmxT;0
BSLDL7bBQ7K;1
BSLHOXThyP3;1
BSLRYaphnyq;1
BSOLCe6h3-F;1
BSOY4aeBnko;1
BSurvvtB5De;1
BOPMGJdgmQv;1
BSGDxkKhKqD;1
BLUqiO8AzTp;1
BMeGBEnjADV;1
BMeGDlfjLag;1
BNHJXrTDIOY;1
BNrJLTWDSWc;1
BNrKLP9jSkZ;1
BRDY-_4jx00;0
BIckI3gjbtT;1
BId65GjDdEt;1
BId6wsKjWQ-;1
BIdxVxKDYat;1
BMAEFBmDFLt;1
BMLwGI1Dcea;1
BEc9f0RtI2h;1
BEc9mu_NI2r;0
BEcyctNtI4r;1
BEczQVxtI5k;1
BEczXjqNI5v;1
BEczysdtI6W;1
BEdZ3EYNI4J;1
BEgSnWVtI08;0
BEQRQa6tI0I;1
BEQRregtI0-;1
BEQvQjOtI29;1
BER0k-stIyp;1
BER87X2tIy4;1
BER8GshNIxM;1
BER8l7KtIyO;1
BER9s6bNI0b;1
BESDP6ctI-B;1
BESErE1tIwm;1
BESFMTTtIxg;1
BEST5BQtI9U;1
BETRhTLNI2Y;0
BF-boZENI0p;1
BF-cEVDtI1s;1
BF-e4O4NI76;1
BF-e50dNI7_;1
BF-eEB9NI6R;0
BF-eekdtI7I;0
BF1SPRDtI36;1
BF1Uh6wtI9H;0
BF1UZ_iNI8y;1
BF1VJx8NI-i;0
BF3T4dntIwC;1
BF3TlQ6tI_h;1
BF3TtXBtI_u;1
BF3UIb2tIwZ;1
BLWGEgmD6hA;0
BL_eG22D237;1
BM2MOONju5Y;1
BN037frDowv;1
BO-4y1zDoOC;1
BOaJAq9j17A;1
BOnD1_HjVby;1
BOnDqb_D7pq;0
BOwaj0hDk5k;1
BPARRFkjzjp;1
BPAZTs0Dzi2;1
BPCBbQ5DRD4;1
BPCBOQxD7XZ;1
BPCBpAKj2K0;1
BPcqx0xD7Pm;0
BPcrDK0DYst;1
BPHY52HDcWB;0
BPiAU3pjFjg;1
BPJFyqRDlY3;1
BPLlmVCjgUB;1
BPLlvM0j_v-;1
BPSOIPyDSx8;1
BQ-Fnx2BA5-;1
BQMbgPpDyUo;0
BQsL05PhSHr;1
BQZLVREjNl-;1
BSJs9YeBgJC;1
BSJtKX4hubk;1
BSXC-SIBpnr;1
BSXCyTXhl5g;1
BG6jGRFhWt1;1
BHAO32nBWti;1
BHfQJOyhPsn;1
BHP6o8ShJQl;1
BHR0UTyhRhs;1
BHu4ajzB13p;1
BHXtE6-BwD_;1
BJXSkxTDSpJ;1
BLeMo1ShmpT;1
BLNx11shwTh;0
BLsiV_hhDmI;0
BMt58ALhEb1;1
BM_-7GWBsbu;1
BOA9h0Phk9k;1
BOICCrChNXE;1
BORZQIoh25s;1
BOtDWothjqT;1
BP1Jt_cB97g;0
BP9u0FBhOn5;1
BPC3Z_hBVrt;1
BPCdGxPBJ_e;1
BQDRNCphnPA;1
BQXj6nRh4w5;0
BQznNetAMYC;1
BR2ts4yADhr;0
BSngn3FgYTH;1
BSOCBL8AleL;1
BKyI8_TD9BF;1
BLaHPqFDTli;1
BLN1efEjFWc;1
BLTFW2VDH-6;1
BNAsybmDYEU;0
BNAtf9ODxLy;1
BNQQUWdDgF3;1
BOerzL6jHrX;0
BPzpDeMD1wX;1
BQVR-5LDT47;1
BQxpn2JDANt;1
BQxqWhQDEdI;1
BSf2lm1DyRj;1
BSKb54RD6YD;0
BTan3btjFsW;1
BTMSjovj3jX;1
BTppr3SDthf;1
BTvE8qbjLUs;1
BTWXp9OD_uu;1
BIyc7OlBgfN;1
BIycMlnhFIC;1
BKfviICBB0p;0
BTdH0yUhVlD;1
BTdNPsGhqCJ;1
BTJPokNhEJn;0
BTTZZ7cBIPz;1
BUipOzXhtQV;1
BHy3ZfQjxXA;1
BKDg9paD7CL;0
BKqA1TfgRbn;0
BLGnsdDDMr0;1
BMlgnIsDSu3;1
BMoUUC_jr39;1
BMtaEdIj1zh;1
BNt1H-6DCjW;1
BOABSuFD78f;1
BOsGogqDM2X;1
BP2hZp4FsBh;1
BPAMbOqjAvj;1
BPSeVWxDyld;1
BRN-Ys8jrZr;0
BSViA6fDNzQ;0
BH8PE-KB3rB;1
BIUobAFhBej;1
BJPll5lhlqX;1
BN_5hH6heqT;1
BOE7AsTBRlo;1
BP5KO8mBwdF;1
BPRgQmeBY5i;1
BPUnKhahWuJ;1
BQAzO7ThxNN;0
BRtH7kllMtA;1
BRtIIpuFS66;0
BRtILzmFzV9;1
BSa2SCclqiH;1
BSdQRZ9loM-;1
BSEXd9HDald;1
BSJPIYcjsdS;0
BSQiQUnjtiQ;1
BSV0fTKFRed;1
BHhTa5UhZEj;1
BFLYzjaRtiK;1
BJIZJWxDgdW;1
BLirPejAo4w;0
BMuyI6GgYhU;0
BGWIJ9Mx1nu;1
BMGofw0gKin;0
BMoAErFArEt;0
BN4JMSWg0QX;0
BNzCGr5gpLt;1
BN_yob1g2zg;1
BOHSgaqgAFT;1
BPhdiGKgRp7;1
BQksAqTgYah;1
BQnR132g7bS;1
BQp2WW7gb-h;0
BHWLRtqBmKO;1
BJAhYrtBXuC;0
BK-jpdDBNGV;1
BLq0I__h-rj;1
BLUoODGhv9v;0
BNwpK08BZDP;1
BOGd499BuuR;1
BOLoxpohwFs;0
BRAoN-hhRae;0
BRfKAAChS4G;1
BSnI7KEBL-c;1
BSTdpueBo2z;1
BTJip_xh1Ja;1
BTOEsJ2h8HP;1
BTYt9NWhE4R;1
BUn1mB0h7WT;0
BUZKzrhhfUE;1
BO2RvT2gDL3;1
BOnOVPpgxGm;1
BP92XYajKHw;0
BPGFAhUAQW4;1
BPkPFopg9_4;1
BPmmwpFgiGE;1
BPuRbaAjS8P;1
BR-Dal1hhhQ;1
BSQ3_CXBsLn;0
BSY7rIuhvR1;0
BUy8w09h2N8;0
BIHyD6zDLFY;1
BJnF6ZaDTTe;1
BKLPNcIDfkS;1
BN_xOAnjyVM;1
BPjpR52DB24;1
BPw6qSwjFUs;0
BRDZgHAhj94;1
BSky6cTB89j;1
BSltPQSh7ak;1
BSn8qn0hctt;1
BSS862wBAJt;1
BSTOY-5BBQ3;1
BMoMPiMgurk;1
BN3VoT_gsDA;0
BOqkzFeAHC_;1
BOTcldvA8oD;1
BPWeefHg0aJ;1
BSqinUoAj9K;1
BSU9JLMAh9b;1
BTPvUrFAVG5;0
BTRXl3zgNyb;0
BTXauevAjFt;1
BUeO2y_ACXz;1
BUVSAhegLJx;0
BAlQm2iNlgL;0
BCUoU_AtllX;1
BDcflF3Nlm5;1
BDHyws-tlkg;1
BHhRhbMDji3;1
BHjmOsGjI1h;1
BHJ_ewXDDSj;1
BHZlG3tDJ_5;1
BJfkCf-Dq9z;0
BJmS-ggDzFi;1
BJNHhoajcUc;1
BJNI8UtDQRs;1
BKDtBR0jYNV;0
BKGVju4Dt28;0
BKXo6-aDOEL;1
BLCekWpDusX;1
BLQtPOfDY65;1
BLqtxr3DUYM;1
BMQ76UdDG7f;1
BMQ89IVDf5j;1
BMqj36Bj6tj;1
BMY_j75jLfc;1
BNd3Yo2DzFl;1
BN_rbxADsVF;1
BRDpogrDelW;1
#NAME?;1
BEAI05LO9Wj;1
BEDqIfPu9Rn;1
BEfxK6_O9SB;1
BEGcJVfO9Sa;1
BEnufbsO9cX;1
BFUBb4ru9TZ;1
BGEwiI-O9cA;1
BGmLx2Lu9ae;1
BGqdLtWu9Zc;1
BGtPnLeu9aj;0
BGzSkJfu9SR;1
BG_EYFyO9Up;1
BHhih7eh8Ge;1
BHljtjMBvX9;1
BHM6BZ-Bf2A;1
BHUmlG3hvkE;1
BHwNvZShSRv;1
BJp5e53BET8;1
BJSkyz7B_nH;1
BKDuLxMhjXR;1
BMGTvYDhUrD;0
BMoexZchcrh;1
BMOneRthkQ0;1
BMrCZsFhrhR;1
BP9z6g8hnD5;1
BQU6hwtBrHE;1
BSa6dI8Bdm3;0
BSlEYfbgYTf;1
BSsT1j4hpOC;1
BTQ_-pAhUdi;0
BTRdbjbhgAW;0
BTWQ0Feh2Ro;1
BUea7aAlTmt;1
BUefdMZFqcg;1
BUgq2n2F75F;1
BUO9GujFwej;1
BURmZnmFVEK;1
BUWf4OjFoii;0
BUWknBSlcrM;1
sMpbWyO9X5;0
BJKbAephbnu;1
BJKbORchKY5;0
BL-wR6CliHk;1
BLyIwdIlxY0;1
BMEUGUDlEj4;1
BMqJRxalRMt;1
BN054pBFECi;0
BNiwpJ8FwBr;1
BNqghGcF-C0;1
BNqgkfkFRIV;1
BNqgnpEFayl;1
BOGSGkElf75;1
BOjW0RJF78B;0
BOjWNJJFOb5;1
BOoFpKfl1mN;0
BOONzjQF6fr;1
BP7kylvlh9x;1
BQFIkxDlTEi;0
BQha6FsloGN;1
BRzGEF3hCYi;1
BSfESAoBmQ8;1
BSk8X1Oht9e;1
BSpTPE2Bq74;1
BSS1970h4GS;1
90IB5oh3T5;1
9yiYYgB3U6;0
BD5D5HTh3Qj;1
BEdhCzIB3QP;1
BEdhVE9B3Qj;1
BHFKDAgjMqh;1
BHFKhySj5Lx;1
BK-J5LDjl23;1
BKDsSrejRj7;1
BKqAcgejLqD;1
BKqAQOXDCFC;1
BKqUq1NjVWz;1
BMgW-G7j2dr;1
BMlu0UPDb5E;1
BN_q3rPjq6p;1
BN_rDADDMg7;1
BOW3pDuDDRV;0
BOW4MI4DSQD;1
zztci5B3VR;1
-l2DqiE7v-;1
4RMVCQE7lB;0
BEdrNzkk7tY;1
BF-Q21Bk7tL;1
BHBDCwdh5NF;1
BHwB-C6h9f5;1
BJ2XJqVBka5;1
BMnPMRRBdfm;1
BN3rzWqhieg;0
BPPdjZwh-rp;1
BPwpsEtBizV;1
BRu2zgojxi3;1
BSV340Kj1jf;1
BSWOEYdDDaK;1
BT8ApreDW3N;1
BTN2bkAD6oG;1
BTWHcGtDyfn;0
BUgj2J6j7BC;1
BMJZYtdjH1S;1
BMoDSotDlur;0
BMwBPQKgZFX;1
BNHI3Phj7V4;1
BNUEZwoDRbU;1
BQ-TvBxBADX;1
BQSzhtmFpVS;1
BRAxb5hBgB5;1
BRrjhONBF2R;0
BNWN5GgDz46;0
BOKbUwFDbwD;0
BOVn_9MDvRe;1
BQ9ZB8mAPrD;0
BS8TiVRApGu;1
BSLjUe3gSF5;1
BT31Cf7AlDg;1
BTweBlygqNq;1
BUipf8Ogzti;0
BUtVHJpAS16;1
BPr-U7ejxET;1
BPwwiSGDFOi;0
BQ9uQzjFgVB;0
BQS4sFBlhT2;1
BR3a9fcl6sA;0
BRe0dp7lFst;1
BRhcr-iFdnI;1
BRux-TaF5Pd;1
BS2oRj1FExo;1
BSbCRJWloQA;1
BSk0fVrlbFN;1
BSsR-DaFNtK;0
BSv7Kadlf9L;1
BT1iGmllYZN;1
BTamPC1lIAA;1
BTIbl6NFwk0;1
BTlDti8FbhG;1
BTO1h8KlouR;1
BTo3P7blwak;1
BTqwt53liI1;1
BTSzCKIlk2V;1
BTy4m-8F3Dc;1
BUDhVo0FWeN;1
BUIoQrfl7k4;1
BUJ4hQulI4C;1
BUOUqcblwAC;1
BUQSeS9FHZk;1
BUQXqU9lcYn;1
BJ4Kzh4B17e;0
BKsuAXGhMvn;1
BLk3LWMBPnr;1
BMoOTq4Bxx8;1
BMqvY3YBwL-;1
BMtgJk6BHUC;1
BMTPqLCBn13;1
BMYPux7hzk-;1
BOEj7uODYAZ;1
BOiyDzdDcU2;1
BSi2X5WDxte;1
BSn8qkyDFSI;1
BTN-XyojrYq;1
BTtAbZVjt1s;1
BUhAC47jYlR;1
BUj0F-mjSmf;1
BUTeTZRDYWP;0
BJ4P2vshyZn;1
BLftBJthFVl;1
BMBwal0hpmJ;1
BN1TSIABIJj;1
BNJ7reVhGoX;1
BN_y5jmB1tX;1
BOCBs0dB_E9;0
BOMDMQbhjk9;0
BPz5xhIBn18;1
BQ5MGf9AC_K;1
BQ60CXtgsZ9;1
BQVAwtvBJUe;1
BUecrZ_lYjA;1
BP2FHQnhXVh;1
BR0jfYqATjO;1
BRIngxuAa1V;1
BSgeTxPgEx6;1
BSlfnaXgwni;1
BSlZ61XgJTC;1
BTaTabUAxMq;0
BTBcWZ7gAZn;1
BTRKGwXAJdW;0
BU1Na0sABLU;1
BU1s0JHAexN;1
BU4NaFZgmy0;1
BU4NGRlgTuk;1
BUyk_FlAc-n;1
BFa8eIfsJP-;1
BNrKw0BDVtC;1
BOg3tPngtXS;1
BOl0VaugZ0v;0
BOtO49igI33;1
BOXCCLogf2r;1
BQ72PQZlXsq;1
BQXn2rvFvmY;0
BQy-iPoF5gk;0
BRA4QE2FDkJ;0
BRhrFSxF0uK;1
BRxxInMFpPX;1
BS5kASml1vV;0
BSdj-mvldvW;1
BSFygmNFLmk;1
BStL5LclbIZ;1
BTJLdJYFvh0;0
BTTPhOrF22M;0
BUQ13QuljD2;1
#NAME?;0
#NAME?;1
#NAME?;1
#NAME?;1
#NAME?;1
23IHI9D9e6;0
23Rwa7D9ca;1
2GQ4yej9YL;1
2IyBuhj9T8;1
2yjjpXj9SA;1
35D9h2j9dd;0
3bY8piD9a9;1
3gk_p6D9bg;1
3iXPPsj9VY;1
3LSxnaD9cx;1
5IZwzQj9Vw;1
5YDGxID9cg;1
67dFCZD9Tz;0
7hUehlj9cf;1
7QEq1qD9R6;1
8mc6mdj9at;1
9a_jUvj9XT;1
9krJsEj9a6;1
9ps0v6D9d2;0
BA45jHYD9bt;1
BADwtgkj9QJ;1
BAGn5jzD9Zy;1
BAHbbSGD9eH;1
BAlyoeCj9bq;1
BAPecjRj9fS;1
BB1ULnDD9fq;1
BBaTJyvD9bW;1
BBb5SOnj9QP;1
BBCmbhiD9d_;1
BBE0Vprj9Xv;1
BBfFUZej9cR;1
BBhMoPOj9aN;0
BBIDevgD9W2;0
BBJiaPSj9b5;1
BBrnJYjj9fV;1
BBZD94Lj9U5;1
BC2ftS3D9ae;1
BCCZ0grj9e0;1
BCPVnByD9QP;1
BD0Cacuj9ce;1
BD5oVzuj9bq;1
BDI6yZIj9eD;1
BDKau9TD9XZ;1
BDx9B3Sj9S2;1
BE08wihj9Qr;1
BE_UWYoj9WZ;1
BE_V3mjD9af;1
BFv26iij9Yv;1
BFWJgGwj9Tb;1
BGg-4p0D9Xo;1
BHBwB94AtaK;1
BHEeAFygJD8;1
BHEIQxNg83F;0
BHeo0sfA4CO;1
BHGwikqA8IQ;1
BIck2CYgCEU;1
BIel47XAfWf;1
BIr_IzMA8Wk;1
BIz1LDxAgh-;1
BJCid4aAv6Q;1
BJEllu9g0D2;1
BJl8N25gwT4;1
BJnipCvgsov;1
BJpmRRuACEf;1
BKe4AfDgGxA;1
BKpKAqwgM6p;1
BKt7iDPDcci;1
BKwz62Zjy2T;1
BMBg7PTDpNZ;1
BMdraGljMiG;0
BMEd_6ijCG8;1
BMG4guoj4Gl;1
BMIUKfLjZ-C;1
BMtId81D64d;1
BNgqHt3AcCW;1
BNHcqJ6jwUM;1
BNWRpzSg0GG;1
BO9b8M9DKsr;1
BOv4N3qjVWR;1
BPo1xOPDIg8;1
BPwmJK8DkLF;1
BQaTPX5F1wa;1
BQIdhT4l4VQ;1
BQK6tbmljLK;1
BQnGLGth2zU;1
BQQOXoolCLh;1
BQVdNpWFvNh;0
BQxf6L-BdiI;1
BR-7f8HhLrs;1
BRIXw0gBSnR;1
BRPWZs2hdoK;1
BRSbNg0hfJ6;1
BSBephlBjVR;1
BSdty2mhf5k;1
BSFjLb8hngU;1
BSGaTmohMbj;1
BSTSjgcBIvW;1
BSYgzTxBozl;0
BTiGTiyh9cG;0
BUG9qD7BWhW;0
BUjbx3yBpYh;1
BUWA-4fhizn;1
_-9ZdYD9Ri;0
_4a0eCj9ak;1
_8zoikD9b7;1
_9lOs6j9bL;1
_RArt9D9bC;1
#NAME?;1
#NAME?;1
#NAME?;0
#NAME?;0
0ft8TLosIJ;1
305SrCosHI;1
5jUBa_osEv;1
5RiZjbIsOV;1
6aBZTFosBU;1
6cGN1kIsDl;1
6G3v8gIsPP;1
6gI-KNIsCN;1
6NJ9HbosLE;1
6tSpGtIsJ_;1
6uUbM7osPa;1
71neH1IsPw;1
7AXXzZosG1;1
7c7Z8BosM0;1
7QWiAbIsIL;0
8-MhJ2IsFS;1
894lCzIsMI;1
9A5MdxIsIT;1
9dzZv3IsAT;1
9VW2-7osBn;1
BA62qtNosP5;1
BA9q112osHA;1
BB2RTs0osEc;1
BBpGeonIsCI;1
BBXc7u_IsGT;1
BEh7H79IsKo;1
BEOO1h7osNw;1
BFgpp2KIsGN;1
BFpq-ACosFN;1
BFsyxw2osNk;1
BGONThYIsHR;1
BGwDUsNIsJV;1
BH1QBRGjcL-;1
BIAFZQbj6y8;1
BIEwPEQj643;1
BIgZkg3jNfx;1
BJMLB2ajsmY;1
BJnWOo7D1jX;0
BJo1FRHDukh;1
BJR-gIzj3TR;1
BJr-wgNjL7Y;1
BKfkbAMDb3W;1
BL-v3b4B0wb;1
BMoCi36hHMP;1
BMoScDJB7EA;1
BMv5IkEgto1;1
BM_d0CtAFSm;1
BN1tcxPA1tL;1
BN6nv1UAhV4;1
BNCOcbWAFm6;1
BOec-BJD1Hx;1
BOjjTjVDBl4;1
BOKbGkbjmJq;1
BOMBm--jRUI;1
BP1YSpBgSu8;1
BPz-H3vAH4D;1
BRdicqDDuOr;1
BSKlZNEDek_;1
_El1b4IsKd;1
_neEkLosMu;0
_UJB-EosGf;1
_y9EProsOp;1
__29imosLQ;0
BAlO68NqccU;0
BApAnqHKcev;1
BCC_dz8Kcei;1
BL3H__iD1sd;1
BL3NAS1jsxA;1
BLlXbN4DSAQ;1
BLvZ-U1Dc7b;1
BM6MYveDRp1;1
BMlh2QgD-nU;0
BMlhV4QDu2X;1
BNRapXODFuP;1
BOemucvDEtc;1
BOemzg1DO_S;1
BOj19YujPMe;1
BOmWX3tD_17;1
BOPKiY5jGbP;1
BPkKVnjDG4R;0
BPpWkg3jxAv;1
BQIL-imD2UY;1
BQVG9YGjpVJ;0
BQXklXvDofo;1
BQXquZMDxEh;0
BRNkPVjArbb;1
BRNmIpEA8Or;1
BRvaH2qgc4P;1
BRvaoGzAO1K;1
BSYLhYhAYFL;1
BSYNJRCAA3Q;0
BTLBzjFgxC7;0
BUW0SsSg-kZ;1
8dhWfcpaZc;1
BEduo1kpaSu;1
BFGC1I9paRq;1
BFGEbnVJaUv;0
BFJoWdnJacr;1
BH4fe9mDSyX;1
BHkTS_qjeJc;1
BHug-rpDvPr;1
BHv3ZTCDV4N;1
BHv4CjiDbAP;1
BIP0OzEDk_w;1
BIPw-CLjaJI;1
BIVABWSjJzD;1
BJaUf8sD9Ba;1
BLDfxi7jq4m;1
BM_RJu8DMpQ;1
BOHfbqXjS6w;1
BOUDH_lD_B7;1
BP-HzU0jSw2;1
BP2OVo9jZDu;0
BTQZZCegZrJ;1
BUgcbFmASjS;1
BUhDJQMgCi4;1
_xTs-XpaWy;1
_zQs_Fpabq;1
BC7rqzqlLWz;1
BCvCWEolLdZ;1
BEdmxVflLYK;1
BFtToUAFLdN;0
BGJpliKlLSv;1
BHhb_B-jP8i;1
BHv-OgvD_E9;1
BJNgIdJjreT;1
BKTB8ExDnDH;1
BMoMm1wgX6-;1
BNUGvW2jAvw;1
BNZdmrEjuTg;1
BPy7QlYjHLR;1
BQ-SWQRBTa0;0
BR0W5gHhBTn;1
BSWDi7chqaP;1
BT6LxZihnIj;1
BTNxQ3zBw5t;0
BTRKrBJhMR5;1
BT_kJJRhAmw;1
BUenMDzByC-;0
BUJ2phgBSq-;1
1DjkMkNVw9;1
1LgjxxtVy9;1
1NqRC2tV24;0
2doFVHNV9S;1
3nvFVgtV_L;1
4_muVptV0X;1
5mg4c1NV7X;1
5pAyJptV-v;1
5pAz2cNV-2;1
5Wbq7SNV8i;1
6H0-QJNV2p;1
6HowpkNVyL;1
BBg-49etV6E;1
BBSMlG6NVxk;1
BFAYmt2tVzM;1
BFEMjTdNV_i;1
BFJJyfptV6T;1
BGQwjIANV0S;1
BI9iJXkDOpd;1
BIe7__FDvJY;1
BJNCit9D1A2;1
BJup8oijDEU;0
BMdsBztDm6C;1
BMLzA2sj-l3;1
BMsOuVvDxlc;1
BMtoJqcD8sK;0
BMvnr7cDxbT;1
BOLSS3tje4N;1
BONOQNkjQnq;1
BOt5vwgD_dm;1
BOUD2O3jhgo;1
BQ-MBC8Awvl;1
BSlgJFzASwi;0
BTQ4APIggKZ;1
BUf1XuNgttL;1
BUnjqnng6N5;1
zhBnLrNV42;1
_3HZ6WtV9R;1
_RNiCINVwg;1
-7WFypkXPe;1
#NAME?;1
2Id_woEXJT;1
BRhFIeyFsqq;1
BRxA-LnF_RZ;0
BRxAiQclse3;1
_V_TmvkXNR;1
BBehprhInGc;1
BEhzQG2onFX;1
BFS-0BzonGJ;1
BG3PqmJInAc;1
BGhK7VtInFj;1
BHMCXq3h6rT;1
BK-qbewBKb_;1
BMtIm7NB50x;1
BN1RuLFB3FS;1
BN1V9H4BP99;1
BNwOmaHhhFC;1
BOkKu9BhTKk;1
BOkLmexB-lb;1
BQGEG-Clu3x;1
_63tF9onMa;0
_8OZNAInF2;0
BA19YWXuyX8;1
BAJqFtbuyQF;1
_4YCiiOybH;1
_50W58Oyb5;1
_50x2oOycr;1
_51BW7OydS;1
_51UwFuyd_;1
BGo-H_wOh6H;1
BHaEFZsD4EJ;1
BJm21RPhOf6;1
BJNK-vgDJmv;1
BK_0Eubh-eM;1
BLlacRnBIt-;1
BLoD8bDhd_f;1
BLwV4xHBJey;0
BM3kGCihfL0;0
BMEeqf7BnY0;0
BNgkVQ1BOYa;0
BNjD-wNBq5H;1
BQFy5DxglFX;0
BQH9w7lBL3x;1
BQXIo-0hEzc;1
BTbY9snj3FV;1
BTdhYkiDxGZ;1
BTL4_8djThi;0
BUEiAOxjh0u;1
BRqa_lDBGa0;1
BS8xOj0Bt0w;1
BUR_ERjBAzE;1
BOOL5a7jJqi;1
BOOLgn0jO3y;1
BOOOobjj4Tp;1
BOOQN0Djp0r;0
BRFPmmyl2si;1
BRFPzDRlSnF;0
BSn1OcFFmjR;1
BSnaQ6Cl8ZK;1
BLl5Fm3jNAl;0
BLn9Aa4D665;1
BLsUN9SDzUd;0
BEgKsUALOz3;1
BHmtLsSj6J-;1
BIfgeK6jZF3;1
BL2TzjngG1r;1
BNiovL7Ai2-;1
BSKUTc1gcrx;1
BP1izkejoHI;0
BP2W7uLj268;1
BPr9zs9DnsX;1
BPvm5UljcwS;1
BPvmIzXD2vc;1
BPvnBanjeY_;1
BQFqEwzj0IW;1
BR6rVzzh_8T;1
BRfuAyahpVv;1
BRhbamShz3R;1
BRIp9YCBbcp;1
BRxFOZLhTTm;1
BSC-1nXBO9W;1
BSIuwxWhvgp;1
BSQnJ7ZB2qI;0
BSX5RSPhZyR;0
BT8x5ZJBDMT;1
BTbWb_GBQF_;1
BTGuDrwhUZM;1
BTKhO9ihrP7;1
BTLYsIsh69p;1
BTnH4PKlpzQ;1
BTNYPDGBtDE;1
BTtR0E_BCTl;0
BTYk-Hvh7xt;0
BUiYCvUBJPQ;1
BUMdzA7hLlD;1
#NAME?;0
BA1fk8tgj7Z;1
BC3-LB2gj-z;1
BCpZnZ3Aj4H;1
BD5TLFGAjxZ;1
BDqA09Jgj33;1
BE54ReSAj5s;1
BEiZLHbgj6q;1
BFoAdUeAj0K;1
BGgMiL6gjxT;1
BGjbpZxgj_C;1
BGjvRjNAj3p;1
BGjZi4Vgj6V;1
BGodIGLgj2f;1
BHgRlOfjdwd;1
BHHp0juj1dG;0
BHPhFBejt71;1
BIr9GMpDHH3;1
BJp48_FDFRR;0
BKN0ENfj7lk;0
BLBTC0TDRQb;1
BMeK9yMjzeJ;0
BN68s9VD4RO;1
BNk2cYxDT0K;1
BOe5MbhDyVa;1
BOKEtmGDwqW;1
BPRcG6vjblc;1
BSoFRBHja3O;1
BSY1-QvD3fW;1
BTg9dFwjI1t;1
BU5z7OeDIg0;0
_a0HXFgj2K;1
BHljR8FjitT;1
BJLJGc6jFzS;0
BK-tTwWjrql;1
BLyfaAMj6jU;1
BOn0PStDjdd;0
BOpMkO-jim7;1
BPuXHRxjFTl;1
BSDuXpoDqCx;1
#NAME?;1
0eOkrOwGbx;0
8ZlfmzwGT_;1
93SdHtwGXy;1
BA6kwC_wGU-;1
BCB03mmwGZF;1
BCVV5DvwGUr;1
BCVWLIAQGVc;0
BNTKBaHDc1y;1
BUn9CtQAtBj;0
BUyAeWggvaA;1
uU2JpGwGZ3;1
ws6p61wGRk;1
_6U-EowGWz;0
_6UrujwGWY;1
_jOs8NwGZf;0
_jPb7RQGaY;1
_N2BTGwGVu;1
BIEKrDOgdRa;1
BIEKz2fg6T0;1
BIFRatjA8qN;1
BIFRQ-qAoIU;1
BIH76LsAbnP;0
BIH87rHAHMe;0
BIKh-kXAxZz;1
BIKhOYjAxYo;1
BIM04ntgf4R;1
BIM2Ae3AVX3;1
BLa6xb3hYNs;1
BLyQJVKBzfJ;0
BNmjurQB6uu;0
BO9TP_9BJem;1
BO9UFcshwcB;1
BOrMvLVBMWh;1
BOVxq9xByiI;1
BOxJxkrBZpv;1
BS6A4Nel1sw;1
BUWda0alB8Z;1
BNO3FZljJBB;1
BNPCFEZDFc7;0
BNQJqiuDpZb;1
BNRQ1SnDTCM;1
BN_xEO2Drjg;1
BOE8P8ED2uq;0
BOruq_hh9_Q;1
BOwdECrBY-K;1
BPUvo45B3z_;0
yd-FXdiKXM;1
BHnlfDVjcKL;1
BMZNPhzjRtU;0
BN4nRWGj0-b;1
BN56iRejs_O;1
BNhEiLHDaKH;1
BNj0cqijt-l;1
BNTeMy9jpgK;1
BOR40_hDctw;1
BQHsfnkjjx5;0
BS5jOnsh2JZ;1
BSDUwRahMXd;1
BSDVStCB9fB;1
BSJSbkHhzoa;1
BSqtsumBzhW;1
BT1kJS9BDvt;0
BT1kuxhBI0l;0
BT1lFb2BPj0;1
BTT0ePchWOF;1
BTT0zKMBxvO;1
BTT1E_tho3k;1
BH0cagNAEEx;0
BHPZDWAAmIi;1
BN2-iEZg-R_;1
BNhCgc6AwYF;1
BS5I37Slw3U;1
BT1CaSHFilD;0
BJ7rx34Ddf-;1
BJcyU12DwT1;1
BJnNvdTjo4W;0
BJo3UJvDV19;1
BJo3xBuDKpb;1
BJoZF-ajIVU;1
BJxDlH9DQjA;1
BJZKTTLDaBb;1
BJZsAPhj2AA;1
BKPW35xDnHJ;1
BLcV7n7DIc5;1
BOb4bVJDt_Y;1
BQP2A6fDEx5;1
BQZRb34DG0r;1
BR20LUOAmMF;0
BR5PguIg4Q_;1
BUtQe60FnhE;0
BUtRaNYlEUL;1
BUtSU6BldwR;0
BIOMkLqAKti;1
BLSzkCGFeck;1
BR0TNi9DJh9;1
BR5d4NujWXx;1
BRs0eFHDX6u;0
BSQrv-ID7Jh;1
BE8F6cOvBhJ;1
BEzURhuvBu5;1
-8P6kIuPrG;1
-9FbTauPqB;1
#NAME?;1
#NAME?;1
#NAME?;1
#NAME?;1
46eX0FOPvT;1
4K6C1QOPgz;1
4vhSeNOPoP;1
5Tt8WiOPlS;1
5WYVyTOPvu;1
67rttXuPuq;1
6CvGZ3OPvU;0
6uVyVvOPg-;1
7kU-FeuPkA;1
7kYdYsuPqF;1
7y06lyOPqa;1
8p0ITDuPnM;1
9agnuEuPtG;1
9f-NbyuPio;1
9OBdkduPvM;1
BAmkF6nOPuw;1
BAo9h08OPhK;1
BArBb2wOPkW;0
BATrozyuPmR;1
BAuK4--OPjh;1
BA_zptruPnY;1
BB-Bki8uPi4;1
BB2Jp-euPtn;1
BB49UbzuPto;0
BB95XUbuPkI;1
BB9fQrLOPtt;0
BB9vlVouPkb;0
BBea_GLuPh3;1
BBhuRvXuPsO;1
BBJqea8uPh3;1
BBKhr7UuPj1;1
BBKObFNOPhi;1
BBKWplXOPuh;1
BBmBSjVOPgg;1
BBMWcHJuPu-;1
BBRix9cOPqN;1
BBudxXmOPuk;0
BBzqmRtuPqQ;1
BBZwfQ7OPsq;1
BB_4VQEOPlh;1
BC2jKUQOPvw;0
BC2KzdLuPmI;1
BC5HV_GOPrE;1
BC5RxHXOPhN;1
BC7xeeaOPu7;1
BC9gs73OPrz;1
BC9OmkWuPu5;1
BC9T8f6OPok;0
BC9Uue9uPqJ;0
BCAb_pUuPot;1
BCFsqC6OPvV;1
BCkGAWDuPgU;1
BCKuqr1uPuP;1
BCkv9snOPt8;1
BCmRkCrOPm4;1
BCpsdEhuPp8;1
BCSjvIlOPpS;1
BCuPZdAOPvo;1
BCVBeJguPpn;1
BCVJp0duPpK;1
BCxP-bYuPjD;1
BCz0JRUOPrI;1
BCz_Nn3uPrm;1
BD-6ltTuPqP;1
BD-KtsYuPv6;1
BD5E9UjuPq-;1
BD5na2qOPgp;1
BD72jVFuPpg;0
BD76HeAuPu2;1
BD77AyiuPgC;0
BD93f42OPmG;1
BDA2NlVuPpg;1
BDcH6RwOPsi;1
BDcl89ZuPjH;0
BDCmrjHOPiG;1
BDcN8pxuPqa;0
BDdHT6VOPgX;1
BDfqTCzOPo8;0
BDGBmUOuPkJ;1
BDhpVEVuPsb;1
BDHxqFWuPlY;1
BDH_SNsOPmN;1
BDIDBFQuPqH;1
BDk8S6huPmr;1
BDLN1UvuPqs;1
BDLQ3dkOPh4;0
BDNsOVyuPl7;1
BDNT0yJOPhc;1
BDqI2uQuPrr;1
BDQKXslOPk9;1
BDsa-KjOPq6;1
BDu4BQsuPhL;1
BDuBQiBOPhG;1
BDVXuocuPmA;1
BDXeZpIOPmO;1
BE-0BKVuPp_;1
BE50cG0uPi7;1
BE5R8HquPso;1
BE60q2tOPss;0
BEAqWvKOPhD;0
BEdmHZduPjc;1
BEF8n5XOPjB;1
BEi4on7uPvj;1
BElJi6VOPgj;1
BENgXktOPoQ;0
BEnHJ12uPl6;1
BEQ5XNjOPmo;1
BEQJ9BruPti;1
BEQoZzFuPu4;1
BEqRe-IuPmn;1
BEQsRgqOPmi;1
BEQxjNeuPjO;1
BESiW1GOPkP;1
BETOeZMuPrX;1
BEVxUJGuPnL;1
BEYL9dXuPn1;1
BF-93XCuPqw;1
BF01NJyuPiK;0
BF0gVheuPjD;0
BF0n3nYOPuF;0
BF0sO_yOPlJ;1
BF1KXKQOPpq;0
BF3EAeeOPtx;0
BF3gbNOOPop;1
BF5okOkOPhu;1
BFbDmkMOPt-;1
BFbQxluOPoL;1
BFd1q0AOPmd;1
BFFh-KVuPi4;1
BFFq16RuPk9;1
BFgKwX4uPtg;1
BFHvwDduPmG;0
BFJSRIfOPkT;0
BFJUIQ8OPpU;1
BFlCCE2OPrk;1
BFLfXg6uPg3;1
BFLirusOPl9;1
BFLN9azOPoE;1
BFLXARoOPj9;0
BFOMUxruPnd;0
BFPZG8pOPpu;1
BFQ6xeHuPvq;1
BFqg3jZOPp_;1
BFQiKmBuPsS;1
BFquWlcuPnh;0
BFRA7ZXuPrl;0
BFtIuF3OPq0;0
BFTKP3AuPuO;0
BFtPX0ouPqN;0
BFTQLLBuPnQ;0
BFTrdxEuPqU;0
BFtZzYauPlP;1
BFV3CaHOPkm;1
BFvXPq4OPr2;1
BFVyvbwOPuP;1
BFWHxdxuPj0;1
BFWLhSAuPrq;1
BFyanoIuPiK;1
BFydXHvOPmg;1
BFyFArouPgt;0
BFYHw-LuPu4;0
BFYPzPGuPrR;1
BF_IZWIuPg_;0
BF_ZXUhOPql;1
BG0jtahOPrH;0
BG0w7HfOPo0;1
BG1an0VuPva;0
BG1LZ1YuPqx;1
BG6iW_MuPlp;1
BG87KPxOPuM;1
BG9GfY8uPiA;1
BGa6GcHuPtc;1
BGB30yCOPsq;1
BGbm5EZOPlj;1
BGBMeHZuPkd;0
BGd8QzfuPqg;1
BGdnf7nuPqd;1
BGEIn5DuPqm;1
BGf0_27OPnv;1
BGgTeVpuPjp;1
BGG_LwuuPmr;1
BGIYjpFuPhA;1
BGJyYOBuPhg;1
BGLpdUkuPiq;1
BGN8w5SuPmQ;1
BGO7NLCOPni;1
BGO9IA9uPtI;1
BGOqxa1OPgD;0
BGOwVpkOPtG;0
BGOxlevOPgm;1
BGPDJOQuPuK;1
BGqmTdouPvQ;1
BGQoaOvuPvy;1
BGQyh-CuPhm;1
BGRnCseOPj9;1
BGrWcylOPn3;1
BGS9dO-OPmu;1
BGtYz-uOPnE;1
BGVT-vvOPqp;1
BGVv2J_OPiW;1
BGWA6usOPtu;1
BGY-640OPmA;1
BGyKXIguPq1;1
BGYUN1YuPkj;1
BGyVQnjOPtg;1
BGz25PoOPm8;1
BG_mcJ1OPqd;1
BH1VKEPhW45;1
BH3-dyIBhoO;0
BH30VClhwgw;1
BH4cr27BoCH;1
BH4UiUrhsx5;1
BH7Ct9UBOnH;1
BH9HWTxBbWh;1
BHBb53YheBy;1
BHCATNDh8LX;1
BHcBwlvBxac;1
BHCSxjEBiJL;1
BHD-KZsBLkz;1
BHd92qJhGTg;0
BHe4vIWBSGL;0
BHeeg9Fhuuc;1
BHek_sVB4mN;0
BHEn1VWhnGO;1
BHeNZyIh6AR;1
BHf3cW4B7Qz;1
BHgaWZnhM5E;1
BHGrTQfBBLU;1
BHhPshVBqqi;0
BHhZWqABdY0;1
BHjevhFBuN0;1
BHjIpOnBKRK;1
BHjy71vBq0E;1
BHKFc2dhjqh;1
BHl07WxB-AP;1
BHlMV85BEs_;1
BHlT37BhZ4N;1
BHmMiZXhITK;1
BHmY0zbh17-;1
BHnzqt8hjwq;1
BHoumNRBt7f;1
BHrcob3h8g9;0
BHRhHMRBped;1
BHrkbUShPv7;1
BHRNZbVBBKy;1
BHRv5gvBZSH;1
BHSSdGBB4r_;1
BHtpO5IhQp6;1
BHuSQsSB5BY;1
BHWamd1h9Hj;1
BHWmECAhuAb;1
BHwqdjKhU2x;1
BHXDEUlBmRX;0
BHYh_oGhAql;1
BHZEFr-Bail;0
BHZMMr3Bgt4;1
BHzPP3ZBw-D;1
BHzVzl1hfy_;1
BHZXIuehiEP;0
BIcOtCFBLq3;1
BICpeeUBiPV;1
BId32Echi0o;1
BIe2IhehTIA;1
BIecgZ8hgri;0
BIeu2S0hUX7;0
BIfAHS7hnc-;0
BIFExJshAyZ;1
BIfY3SjBFUm;1
BIhAldYBNd7;1
BIhjHDcByRk;1
BIhN2QHBaov;1
BIjvWe8BJ1T;1
BIJz64tBJU3;1
BIKjHdmhnBX;1
BIm0wdchK68;1
BIMyOHZhMaA;0
BIMZG06BSbs;1
BIO_YlkBrQf;1
BIpK4FPBxQC;0
BIrg0zFhDmO;1
BIsAeGeBsbz;0
BISFmqahLDU;1
BIuA7FMBxF7;1
BIub21RB1xO;1
BIUqRSghh-y;1
BIw5RKsBIHl;1
BIxEcTPhL5u;1
BIXX3F6BrFT;1
BIy5doshyr-;1
BIzKXGchq9N;0
BIzojeNBCZG;1
BJ-D9NMBEGA;0
BJ32EB7BdL8;1
BJ5LakMB7pv;1
BJ7TiH3h7Xv;1
BJ7wNR4hP66;1
BJADqUkhteo;1
BJaM0pLBsMG;1
BJChhDoBB5A;1
BJDGaEEBEdM;1
BJE1bvYhPoO;1
BJFea-pBs2H;1
BJFuXGrhQRp;1
BJH7Iq3hmaE;1
BJh7wBjBMzO;1
BJHvs4shTR3;1
BJhyM1GBYqb;1
BJj4ED5BGbb;1
BJkoY3IBxMB;1
BJl-SIhhVOP;1
BJnJgFqhEH7;1
BJNJljFBH-b;1
BJolc_cBVZ9;0
BJozovQhChl;1
BJP-pUXh8mI;1
BJp3OacBsqS;1
BJpkwWGh8_X;0
BJsb6BoBDZ8;0
BJsElZwhGv7;1
BJSI9uRh2Hs;1
BJSo05yhD7r;0
BJUPqpBhlXk;1
BJuRupKBlAl;1
BJuw4-QB1Ze;1
BJVCeUSh8Gw;1
BJW6RzZhq8W;1
BJWtvapBDq0;1
BJwVHtnhm0T;1
BJW_8KyBRgL;1
BJX4nmKBlxy;1
BJZ11_2h1LE;1
BJzpI8MhTKJ;1
_bDD4VOPu9;1
_MUSroOPvL;1
_RcSf9OPjU;1
_TxF-uuPvo;1
_UDRegOPqF;1
_V45ABOPtR;1
__yLHUOPiA;1
BMp54j7jOEz;1
BNQqA0zj9V_;1
BRK-Gy6D81Z;1
BRS2OEoDDvj;1
BUHMKGJA1Bo;1
BRkKlF7ltzM;1
BSVquxYFY0_;1
3JnIzCrwzk;1
3Jq8QnLw6P;0
BDj17aWrw5u;1
BDj1lqerw5Q;1
BDj2Hh-rw6A;1
BDj2KsIrw6I;1
BDNaee6Lw-z;1
BDNX5bWLw7w;1
BDu3zGlrwxu;1
BEVUb1Mrwy9;0
BEyg9IVLwwF;1
BEYGx4Krw5K;1
BG48minLw3V;0
BG9D8anLw9N;1
BH9NUL4BRhb;1
BHr0S8xBBjH;1
BHr0vHDhDGy;0
BHrxqL0hkV2;1
BIKbIGFBPZ3;1
BIw1CylB6yG;1
BIw1MUHhoNN;1
BIw1RiwBYOx;1
BIw1w5ThDf9;1
BIw1ZAoBU_E;0
BIzZEVlhe4R;0
BJ7w7kFBLgi;1
BJNV8S_hWwe;1
BJNWZ7_hvGH;1
BKugZ3Ph1H-;1
BLyM3snjDPq;1
BMlrB8wDAMm;1
BOzI5cdDf2N;0
BOzLkV_D8Xr;1
BO_MC8yDHQX;0
BQDRMdmjXJC;1
BRDgQIeDoFj;1
BHlNfGZhPCZ;0
BHyHYuqBwU6;1
BLkNqzDBfjr;0
BMaaj2DBVDA;0
BNdaeHEBCC7;0
BR-8G4ihHy4;0
BTIolAnB1HS;1
0F2P8UKsby;1
5L3jm9qsVQ;1
5LRtKpqsb8;1
5Xldj3Ksav;1
8b26xKqsRc;0
8k-U9UKscl;1
8VNZMcqsWs;0
9n7dqqKsRh;1
9pj5gtqsSn;0
9pl-pRqsVH;1
9qn3WxKsXl;1
9sH50HKsVC;1
9_OffZqsX6;1
BEyabMuKsc_;0
BGKOiHAqsf0;1
BGRtBObqsUR;1
BGVmYC8qsSZ;1
BGXJ7aGKsRi;1
BGZUnyTqsdf;1
szcq8UKseL;1
t7YCLYqsRf;1
t7YTHjKsRt;1
t9elJfKsU7;1
tCs-XHKsWL;1
tCtq20qsWq;1
tCtVwwqsWc;1
uJ_dJvqsRm;1
uo5aHyKsck;1
uo5ZTmKscj;1
upUlXyKscG;1
uqR0HHqsei;1
urP61yqsUX;1
urSFZXKsXm;1
uZi8wFqsZ2;1
vP4pAcqsby;1
xDiRqoKsU5;0
xGORb1qsYM;1
_0Z_1CKsR0;0
#NAME?;1
2Gwm7xBXJ3;0
2GwQ5hBXJT;1
4CKt-GhXBk;1
7ToGM1BXAx;1
8dX8mqhXDu;1
BBd-i8qhXP9;0
BCxTZkgBXJg;0
BEkPA3TBXNq;1
BIuBjSnD_sK;1
BJxLnEpjYSY;1
BL8fssNDWfX;0
BLgTdemjT65;1
BLIuYbjDG0J;1
BMa8UyLDZp6;1
BNCKyWADpkV;1
BOOinWrjMxU;1
BOqMYhmDjSW;1
BOr3x8eDiBH;1
BO__Kp8DLwd;0
BPpO3TGjzDa;0
BPyifOmDkG5;1
BQ787M3Bb-V;1
BQIbA-jjKXa;1
BQuZJg9hyJq;1
BRQpZLEBTxS;1
BS-qMtXB6gj;1
BS0Bw2qhkK6;0
BS8C6aeBtcR;0
BSAeezOhKM0;1
BSal9zaBE59;1
BSbA-FthDgy;1
BSDIg8zBd7W;0
BSK_f8jhy7Q;1
BSmmiAahswt;1
BSpYAKEB6hj;1
BSqUBdShsQJ;1
BStJGWVB5iA;0
BSuiJWIhLVy;0
BSw0dRDBV4D;1
BSx1WjnBCd1;1
BSyHm0mhPe7;1
BS_KV66Bfnm;1
BT1J7F7B2fC;1
BT2qox8FPQN;0
BT30lMzBnTO;1
BTbmVcAhcM_;1
BTC28XChAyW;1
BTIj_-dBi4j;1
BTixMrABmmQ;1
BTjBN06BoA7;1
BTJj62shSOB;1
BTL2sTzhlIP;1
BTMWqmbhW0V;1
BTODWj4htDT;1
BTQhHqQhzWh;0
BTsDyEhhIEZ;1
BTT8k81hLKY;1
BTTjh7Wh5K_;1
BTtsFLNh3nJ;0
BTYpLRlBABA;1
BT_A_NnBGYV;1
BUCOcYNhfjf;1
BUEy0ejhh0g;1
BUHYLwehHmN;1
BUJY8LTB_N4;1
BUNjIB2BonP;0
BUoZ0oEhjJb;1
BUVd8XoBdZJ;1
BUVhHHlhtVE;1
BUzP7W5BZtN;1
BUZWLVbBPtf;1
BI0BoRSBV4r;1
BIz42KUhU7U;1
BIz5Ml_BsKo;0
BIz5nZUhVgD;1
BJAy5kOBf6e;1
BJK7wxGBYLj;1
BJQSMj8BMCS;1
BKaY0BOAnrc;1
BKfGhB7Any-;1
BKfI71pAR7M;1
BKfKj5dg91i;1
BKnlV7NAw9w;1
BN6j_Zmghz8;1
BNiUy9wAU2B;1
BNoQ-MxAoYr;1
BNpJRHeA-xC;1
BOOFjUsA3WY;1
BRNc8QcASoN;1
BS4_dtvA4pX;1
BSFqTFcgQc1;1
BSFr6DeAhxm;1
BSFrFrPgVaK;1
BSQsy-ng07r;1
BS_jafEgA2w;1
BS_jbqUAu5n;1
BS_jcxTA-zx;1
BS_jd15gG8S;0
BS_jevJArup;1
BS_jfmvghA6;1
BS_jgfJArMG;1
BS_jhc-AgSh;1
BS_jY7wgd9f;1
BTI-_O2gnjR;1
BTI_5bzgp1Y;1
BTI_dPVASIg;0
BUhs1KnASEt;1
BUhsQtVANbG;1
BUJmosPghpB;0
BUJoXFcAjIS;1
BUTbxjIAHdB;1
BUZg09XgEUb;1
BUZnJj8gv-k;1
BUZoHn0gwx9;1
BUZpAvbgH0v;0
BBkJO7znZKo;0
BEDbqvcHZM_;1
BJNTJ-Ijmly;1
BK8Fd36DCRX;1
BKPAhNFjviR;1
BL0rrzqjVTt;1
BL55gh8jn77;1
BLLjfosjlj8;1
BLtAxA0j6uu;1
BMJZzBiDT0r;1
BMqxeRfDHla;1
BMRFLhUDUcY;0
BNJtK1hDv7K;1
BNmEfZeDSFE;1
BNOiGm8jS1n;1
BOgPlbIDTqM;1
BOJp_PujyvP;1
BOpBmDaD5HL;1
BOR0JTpjR5h;1
BP1UmvMBSXk;1
BP2TLVthZbx;1
BPcI6w2ho76;1
BPUdZhNhv23;0
BRkd8PkFeCU;0
BSIucoNlE7N;1
BSps0sPFEL4;1
BUEOIhBFeOg;0
BUWw3R9FRYg;0
BKp8dK4DZt1;1
BLACCAejdmo;1
BLACOCkjhrt;0
BLbCwjfAFxm;0
BLbCxPJAad6;1
BItB_y1Axrb;1
BRnGZtlAby8;1
BS0ZhSCA6hT;1
8qW17lTO3E;1
BA1qaTzTO55;1
BGBkNMxTO1z;1
BI2LdRoAH2Q;1
BJIMUX2A_TV;1
BJo9r1vh59_;1
BKdGkJ1hGtD;1
BKPFfZWBx8r;1
BKvF-reBc4i;1
BL3FOS_BqcN;0
BLCqfdWBzKq;1
BLTNxZEBPXP;1
BM8lPX7hhZt;1
BNqgQfDBwPs;1
BNwSPXGB61k;1
BOrXNuBFfNy;1
BOTY36oAAqn;1
BOZpTYiA82p;1
BP1636-lmrf;1
BP1A1cvFFEw;1
BPhtjrxlcD1;1
BPNJZ_JFk9i;1
BQDCQmFF98t;0
BQg5wacFImN;1
BRnhkOXFLBG;1
BRO8yuMlRO5;1
BRwnv6hlSBH;1
BSa3j4aFfxv;1
BSpesJiFwKQ;0
BSYRtBgFgNX;1
BSYTZFzFyem;1
_auewmTO2e;1
BN8jlI5A7xG;1
BNmVzCQgfBr;0
BNoatBVgox3;0
BNSxksnAcT0;1
BNyuyj9ARO2;1
BO86koOANmP;1
BOa0508Auj9;0
BOHJj6rgVGa;1
BOTGeXsgxpR;1
BP05TKRBpay;1
BPgVi-zgGp7;1
BPKisOYABWF;1
BQHhyE0hGLB;0
BQWt3QGBn1o;1
BQzrNbtj0YF;1
BR2ToDPgPIo;0
BRaP3V1DUNo;1
BRdAcxrjW55;1
BRxyNuVABwP;1
BSBCFysAslC;1
BSfM6D_go7W;1
BSIoVUlARaB;0
BSkiuIjAgKw;1
BSU02n0AvW1;1
BSvhW2GAsYN;1
BT3dU4Ogbrr;1
BT4BxvbAspa;1
BTBac2PAxXW;1
BTdyIkfge93;1
BTIheVpAaa4;1
BTJnDxTARUq;1
BTK9pfQg4Ze;1
BTYxz2jAfU-;1
BUNovAngAxg;1
BUqVStggQgn;1
83T0UpHXj-;1
BHrMlQfDZmW;1
BOe4zYZlZaw;1
BP2beBLF2wP;1
BP5LUJfl1VH;1
BPP-W01lPdL;1
BPP6uuolJLl;1
BPP718DFHTp;1
BPzFf53lHSc;1
BQajhnclN5w;1
BQGP5PEFp9F;1
BQHiDTPl-xV;1
BQK2-6nlqap;1
BQMrkSpF-pw;1
BQnox7JgG--;0
BQowAeaglbQ;1
BQqGpv8gvFh;1
BQqOqtTANHI;1
BQQP4hCFbVv;1
BQR3hi9FHdl;1
BQr9ZkbAAvM;1
BQsiX91A2vf;1
BQVTkJHFsJY;1
BQZvibolZ9B;1
BR2wMEyg8TZ;1
BR8jOyZAV9l;1
BRisL00gY8W;1
BRLdKUeg9s2;1
BRlNUf5g8dV;1
BRNgsubAARZ;1
BRQslhSAKs-;1
BRsAr7cApuz;0
BRvuvCxA5eg;1
BRxpbkYgqCB;1
BR_ALnOgW8U;0
BS3IctYADBU;0
BS8UjT_gWiC;1
BSC7jprgMzk;1
BSJNbokAGWV;0
BSN44SGg7xI;1
BSTHi4lAJvk;1
BSx9L5pAcBk;1
BT8rSF9gr7w;1
BTg_Kg3gYHA;1
BTmEJu7goQ6;1
BTq8QVqgMD2;1
BUbOf9PAs3m;1
BUTjCFFANjz;1
BUuPEyaAxtG;1
BUWJdhjgmkB;1
6bthPWvBoU;1
6NKMxkvBgz;0
6R7PSRvBuq;1
6R7UXUvBuv;1
77cJSyPBu4;1
77cWWBvBvF;1
77SDpDvBkp;1
79-3NJvBrp;1
7fB09xvBta;1
7fC42IvBud;1
7fCs3xPBuR;1
7fCw6nvBuY;1
7fDI-PvBu2;1
7fIjDzPBlW;1
7fIUdcPBlB;1
7hClvrPBoF;1
7hCu9mvBoX;1
7hDEZqvBoy;1
7hDiUkPBpl;1
7hDLuUPBpC;0
7hRgHwPBr5;1
7hS5ptvBtR;1
7hTMSFPBtp;1
7hTtCjvBuM;0
7_j5niPBur;1
7_rsJKvBr6;1
8AeauBvBvl;1
8AeT1KvBvX;1
8AsFhOvBhO;1
BBz02Jwhr8G;1
BEdo5PXBr3r;0
BEyRN0EBr-y;1
BFsUL3mBr-v;0
BHmVgGQAU6u;1
BHn4HpVALLo;1
BIEovQvgnj5;0
BLILJNtAbCf;1
BLP2qawAvUf;1
BLU9QJfAgDX;1
BNjFk6whwns;0
#NAME?;1
BEgXuNRCRjY;1
BH7HeyIDV53;1
BIDL64_jCpd;1
BIEvjcxj6oS;1
BIJpZ6GjFcQ;1
BInBMo1jeKq;1
BIrv2pFjrEz;0
BIXaQxljYZo;1
BJU4j2lDAiB;1
BKBA5YnjomG;1
BKDrkBWDvnm;1
BLBix7zjRa0;0
BLCzlA-D5C3;1
BLv-VvSFd-w;1
BM6ZgTaFlV5;1
BNk6ZMel_id;1
BNlsy09lI-x;1
BNPFixklh3U;0
BNssYMplNBZ;1
BObCu4mlpoq;1
BOcKPYuFvbH;1
BOHl9eFldvY;1
BOsUC6-lxOz;1
BOUe-ImF9m6;1
BQEkkBJFMHu;1
BQr175PgwbN;1
BRGfdXQgIvt;1
BRGfYhqAI-l;1
BRvp4dEgG9x;1
BRvqDCZAod9;1
BSVBiu2gMni;0
BT4DQhLg8qJ;1
BTLivfMAXsA;1
BTNo-33A697;1
BUHMXwEgIxV;1
6hrk8NkVBr;1
BH1lAZ_jN8h;1
BH6Y5kcjtKb;1
BHd-SULhsWx;1
BHd9ZPsBuFh;1
BHd_QJLBwEE;1
BHHH7iBBIqH;1
BHHIlEhhpcQ;1
BHjNkVNBz2e;0
BHKKfmnhy_S;1
BHuVBUdBUA2;1
BH_3rW-Dnzu;1
BI7Mi53DhID;1
BIe3klgj5Rx;1
BIFRGePjLDy;1
BIKgSP_Dk3R;1
BISDgxtDfZS;1
BJCLvVODu1i;1
BJmMfNajWDJ;1
BKIg5tGB6Qg;1
BKPcxSsDwxr;1
BKsXLo8jlTH;1
BL8Vn7KjHGY;1
BMtPEldjN0b;1
BNHPrcNjPuO;0
BNjH-m0DWJb;1
BOR1fqeDQJQ;1
BP4xDEuDEPX;0
BQIOy2oj2UF;1
BRFvKZLAxN3;1
BRnN0LxFBI_;1
BTI9ctAAsL3;1
uimpQskVMY;1
ukhaSrkVOm;1
up6QeBEVPq;0
usYJaRkVFs;1
vGQ7xnEVPP;1
vkblhCkVGX;1
vKbmnpkVHo;1
vlEUi5kVEK;1
vN7Oh4EVFF;1
vP3cW9kVAz;1
vSlhyZEVLG;1
w099aKEVHN;0
w4_YkGkVLU;1
yrhlQWEVDv;0
zHn6y2EVED;1
BAJg9VtR-yS;1
BHyQIFAhwjs;1
BPKVn1BhIeF;1
BQnNjm_gsKt;1
BQVLCVxBwRC;1
BRc-N9wgjZn;1
BRU5ttgg-gk;1
BS4xUCuAfmZ;1
BS8pZeJgZuI;1
BSA62i6Ah-d;1
BSj0RWVA7aT;0
BSV1Oa9A3Qm;1
BTI4G_aAV1Q;0
BUeKabJAVF_;0
BUqVi_oAzjU;0
BOcFlvoAi9C;0
BOgLJHXgG2A;1
BOzR0I9AYTy;1
BP1b8sqgiDT;1
BP4jAiqAvzr;1
BP7K1Rpg0Jp;1
BPypQkBAuN7;1
BPZwD8yAf8w;1
BQZnsYgg7Hl;1
BR2sbbUB-jp;1
BR7jf-tBljS;1
BR93wINhY2o;1
BRApinQBIwL;1
BRpy3iKBuvW;0
BRw-jlNBDJx;1
BRzXtMLhKZP;1
BSAnRJAhAaJ;1
BSvB9ubh-s7;1
BSw7czghUPh;0
BSz5bvmF5s_;0
BT3i5zthU4S;0
BT3ivDUhO-L;1
BT3jADFhJnA;1
BTBYXL1h0_7;1
BTI3VEwh6o1;0
BTWXvhLBSET;1
BUbhrn3hVkK;1
BUeGmiZhUqB;1
BUjRbNQhsZZ;1
BUl13IRhvOI;1
BUoZTiMBmAF;0
BUtmS61hZxw;1
BHvf0-EARbm;1
BL4o6K6ALNT;1
BLSPmjVA_Un;1
BMlvBsqgboi;1
BMoVCXfgwqd;1
BPj1JB2gB_-;1
BTIpU37hk3W;1
BEOIJ9SgnDD;0
BK0h12zD5S_;0
BKhRMuUDpLQ;1
BKhRrJoDlbZ;1
BKhUWJDD3KR;1
BKo1wknju46;1
BKrR0mZDRjY;0
BKsdfIIDmQP;1
BLdZDiwhZZD;1
BLI533YBkdI;1
BLK3rqrhYzD;1
BMgjpZThyHa;1
BMgNhk9h7Lm;1
BMjRMRIBqYg;0
BNNofYFh5Lp;1
BBW8g1HPhZx;1
BBZoRYcvhZM;1
BFgml4IPhWn;1
BFZc3RwPhQx;1
BG4WqmOvhVk;1
BGOvTu1PhWO;1
BHpYoGljeAT;0
BINWGVujjFH;1
BIxjRNBj3mz;1
BJKykUUjtbr;1
BKViUpIDx2C;1
BLGZM3VD6cm;1
BLvjrgcjVqk;0
BM3rGdTj_vE;1
BMlbRMBD7Ea;1
BNCCxGgDUKm;1
BOEsjUzDyou;0
BOKDUtkDPNZ;1
BQfZPy5D3Mb;1
BT0QZ04g_MX;1
BThta55A80C;1
_8CimrvhVS;1
BQkSextjtw3;1
BQkSwgRjRN-;0
BQzdoIgjEhM;1
BQze8ehjnr4;1
BQzZ5-TjUMZ;1
BRGRa0yjAVC;0
BRGRE68jz_-;1
BT85F8xjYCe;1
BT85nx7DyWZ;0
BT89hYUD3TL;1
BTIrR2mjK_G;1
BTIrz5GDWg6;1
BTIsGA-Du8v;1
BUJ-xEIj5yD;1
BCj_ewXLykr;0
BCj_Q0FrykZ;1
BCYiy2cryp1;1
BCYjB3xryqY;1
BE0hvZQLym0;1
BE6HffSryjK;1
BF2akPWrylU;1
BF2Zp7Hryi5;1
BFEby-yryg3;1
BFF0lwiLys-;1
BFFGG-CLyv8;1
BFIXE-_ryn0;1
BFIXU7cLyoi;1
BFUMaZNrymv;1
BG5DjFWryqA;1
BGNyn-sryk3;1
BGS3Ch5Lyvc;1
BGxNo6iryuJ;1
BGxOCq1ryvg;1
BGzmAb-Lylx;1
BGzmrATLyn4;1
BHL78SWh1lt;0
BHL8iefhalM;1
BI3Ts5aAQWt;1
BIB-QiUh0jv;1
BIdDsKGAoda;1
BIFQCPHB5HF;1
BIOtA0WBAZE;0
BIpQtlJgDRg;1
BIWRIlWhAn6;0
BJ9JnJegA8c;1
BJC41K7AQ2T;1
BJGvN34Ak58;1
BJMZmE3gOmp;0
BJNUTgXg_iz;1
BJo3Nu5g2Ck;0
BJRXuJChSV0;1
BJuHWSQAW0H;1
BJWyvwGh8xJ;1
BKCTSR_geye;1
BKJM7GDB7CA;1
BKxITSpgxrJ;1
BLk5h99g4l2;1
BMPxOWBAECP;0
BBLtriun6ud;0
BBpIRPKH6mK;0
BBWRd4fn6qD;1
BD4-HTDH6kY;1
BDJ0j2LH6gk;1
BEPxeOoH6nP;1
BFP6Acjn6t2;0
BGMlFAjH6ln;1
BH6lk1_jyWF;1
BHgXf73j7pH;1
BHTLxI3jTB6;1
BHUhQCxjDjv;1
BHuJQHOjDzx;1
BINGSFeDc-A;1
BJaVuwRDw0W;1
BKA-IcLjj8E;1
BKTJJabDMGb;1
BLYp2t9ly9i;1
BMfQxNcF91w;1
BMgvC9-lV3m;0
BMnmDMUF7Gw;1
BMoKrXml9xx;1
BMoMReFlp2g;0
BMyo4ZaFDCV;1
BNeGOHgFomo;1
BNEkLGalq17;1
BNJZDdHFfCz;1
BOfIVHNFfF0;1
BQ7-Vzql_Jf;1
BQ7N5WQF6iN;1
BQfEULcFEkZ;1
BQfFhGQlwJm;0
BQfGjTNl9if;1
BRk_StXFuPn;1
BSoH4COlwdg;1
BSoH9onlrjG;1
BTJO71fgjY3;1
BTJQqTwA2t8;1
BTJRH0fgv-G;1
BUPO7biA90z;1
BUPP58RgxZb;1
BUPPQGog5eI;1
BURb1OQAS4I;1
BURbFsIg9ZS;1
BURcSbFAmYQ;1
BGbEhNHCm46;1
BMEYbmXAXWc;1
BNCAKXFgavh;0
BPwVppzA9ag;1
BQ5iIv0hiZH;1
BE-OR0BhzSF;1
BGeD-1EBzSj;1
BGgK29ohzck;1
BGinFaQBzWj;1
BIOo8inA7bx;1
BIOpp3XgjQo;1
BIOqV0wAP8G;1
BIOtA74gmil;1
BJKw2CFA_aU;1
BJpHcVbgtba;0
BLQfeCyARFd;1
BMntN8qgImb;1
BMqFLZTgxCD;1
BNqJ0hLAi73;1
BRknULWFc6W;1
BSP4iY3AxVK;1
BAWYryAOxph;1
BCpQTExOxin;1
BDNc1LOuxkP;1
BFoFKd_uxtG;0
BFqh5_POxqj;1
BHBbsugAXC-;1
BIFlMiYgdFz;1
BLWBwAmA_8v;1
BMq68FaA278;1
BNmKYCigbdc;1
BOjgKLCAN23;1
BOqw18Ug8fr;1
BQVDuK9g2-r;1
BRLASp7FA4b;1
BSCvfffFzxk;0
BMnvYrYgVW_;1
BNEbQHtjZ0k;1
BSRDQdVjhBz;0
sgOqChxMp9;0
BDfxWS8DN-Z;1
BO83WqCFKqb;1
BQe8LYTFhER;1
BRYXAzyjns-;1
BSaIt2ODk69;1
BUB-ItXgatb;1
BUReTRoAfko;0
BC_0yAEKHFt;0
BD9oNNMKHG6;1
BDa1dXAKHH6;1
BDMwpR4KHHz;1
BDPTZ1vKHE4;1
BG9hCkhqHM5;1
BGhFQffqHA0;1
BGhGwQgKHFf;1
BGzMPJyKHGt;0
BHPsT4Jj_6n;0
BIWtAcUDYmh;1
BJryTJaDbct;1
BJWmNhhDP2Z;1
BJzyzcqjhUA;1
BK0tAEyDios;1
BKaQHmjDvoU;0
BKDvHnqjq02;1
BKeh_MwD_1B;0
BKK8whCDiwO;1
BKxnpXFjFXI;1
BKYIacGDy5d;1
BLdNuCoDBwV;1
BLS9TgyDPwq;1
BM_mkIWDkdt;1
BNI0VOVjU-Z;1
BPbGavmjyA9;1
BPbrD3jjkSe;1
BPdq5S0DDTQ;1
BPGvMt0j6bX;1
BPOr_0ijdpM;1
BPZP-31Dbne;1
BQb0Vc5D1lQ;1
BQhArBclpEr;1
BQMWUvYDRUQ;0
BQsC8Dvlu5e;1
BQvEdUGl43d;1
BQwk2anlugf;0
BQz3RvJFCp9;1
BRunBZiliNZ;1
BRxuu_-lMC5;0
BS0H80DFU7S;1
BS3n92nFwl2;1
BS8egcllAlM;1
BSCqq73lEu1;1
BSGZxW3Fzej;1
BSz294clP3y;1
BTDCUT2Fdga;1
BTfV_y3lv7C;1
BThwAGsllZA;1
BTIa2Fpld0h;1
BTNsdULlFp-;1
BTt5Jc2FOL0;0
BTzvKVyltAp;1
BUd0RxzlLQA;1
BUDzCT2Fxgh;1
BUfAK3xFciG;1
BUjMW1Kl3fK;1
BUp3rGvlgAA;0
BURDjkKFdNR;0
BUV_5ywFHGW;1
BUxmjcLl2lq;1
BUZRnJGFDYM;1
BLI48d7hAv1;0
BLK1TGzhMGP;1
BLLYIlOBS5-;1
BP7qaboAAFQ;1
BRhyWJ0lhfl;1
BRIlBNWltv2;1
BRkjAqUlxv6;1
BRPOtAaFKW_;0
BSc-Gx2FtWc;1
BSe7r9Fl0c6;1
BSkKD2zl7RD;1
BSsiBQalI12;1
BSsxWS3FbXc;1
BSuU7IzFbHT;1
BSVSm5ylUUy;1
BSWARCzFNxZ;1
BT3Z8BGl8XP;0
BT89u8zFTVa;0
BT_isxvlNCS;1
BU1cGkMFBCX;1
BU4A5uilqlj;1
BUDxs3SFFvM;1
BUHSVI_lm3K;1
BUKBWjFFeFO;1
BUmEyPgldFP;1
BUMn0xTlMR5;0
BUo8013l3lo;0
BUO9Xqll0JQ;1
BURm3QDFUY0;1
BUUGFeaFDyw;1
BUWs7WYFJcv;0
BUwTUp6Fz6s;1
BG3Vd7irAcA;0
BJVUmEXB9Ru;1
BMf5RTIDKya;1
BMoWe6Aji4H;1
BMoYr05D-K-;0
BMtjiLUjFqh;1
BMtKNd5DD0v;1
BNgXR2pDrZW;1
BNgZaxQj6qt;1
BNPfbrgjmUT;0
BNyQbycDFTq;0
BN_E368D24m;1
BN_FEj4j1-_;1
BO1kpDXgRM0;1
BOfEYC5jpn3;1
BOpP-65ja9x;1
BOsJMMxAOWR;1
BOW-8XdDOX7;1
BOwCRnDA38v;1
BP-FQFPjnbr;0
BP1y93rgfcj;0
BP7Pa4wjJNx;0
BP7PWF9jSt6;0
BPDBxvFg1b3;1
BPe0-hPA3Mn;1
BPHvBJbAtyR;1
BPOkZC9gCwW;0
BPQac9bAtg2;1
BPxZnrjAm8S;1
BQ2lU-7hvkt;1
BQEs8GDgmp4;1
BQHtETGgN5z;1
BQsT8tlh8P_;1
BQsTwkQhtaM;1
BQvBu0uhUwB;1
BQWikuvADQd;1
BQzeATRBATE;1
BR4v5r6BwnR;1
BR4vmAnhcwx;0
BR4vsd0BgJl;1
BRBPRM1h_si;1
BRcrs4BheZf;1
BRcuuufhxNn;1
BResh2bBuX6;1
BRgOeKDBXr8;1
BRhromPhDZy;1
BRiZHQuhyOM;1
BRkeTgJBIwr;1
BRnPzJDBcGW;1
BRpmDp3BxS9;1
BRS78D5hCn_;1
BRS8LYWBEDW;1
BRS8Q3PBOyj;1
BRsDIC1hZsS;1
BRV2Ejvhiov;1
BRV2N61hy5r;1
BRV2SCZBeYc;1
BRZ-4FUBah4;1
BSA1n6IhDsn;1
BSA1W4yB_cf;1
BSa3Rb_B6Ev;1
BSdP2FFB4KX;1
BSdPuOnBY4A;1
BSdQ4Y0hrzu;1
BSdQDwDhgq3;0
BSGWdSxhbYU;1
BSGWjN9BLK9;1
BSipAXvh0Ua;1
BSk4Dl8B4sX;1
BSlcaTFBzPA;1
BSlcSczB2xf;0
BSlLBdrh7N5;1
BSn0Y0xhm7t;1
BSNHMNrhSiz;0
BSNo6-NBWi0;1
BSnzaN9hzHF;1
BSoeVyhBzLE;1
BSqhTrLh99h;1
BSsgQUSB92Q;1
BSSYL-Fhvh6;1
BSSYlVwByQJ;1
BSSYRgWBctR;0
BSSZtaehLq-;1
BSV7f-GB5I3;1
BSV7qwQBWc4;1
BSV7u5rBzlB;1
BSV7XbehR-M;1
BSY326dh3SU;1
BMf-wRnAxWP;1
BMnu_pDgOW4;1
BMtNY5kAgNm;0
BNis1xhg9bH;1
BN_PvmrgRaw;1
BOCFUIbgYww;1
BOt6QrHAiz0;1
BP1ETN_gK2f;1
BPq8HZtAs1h;0
BPQyA9oArdI;1
BPSBJs_gYIq;1
BQ9cuSHjKk6;1
BQfP1o2g0Wq;0
BQGJkBugLgd;0
BQK7zjvgrBW;1
BQpowPMj5zl;1
BQsKcJ7jKlR;1
BQtzbScjA1T;1
BQVYeQagAZD;1
BR-elWaDjqt;1
BR0GLMPDo_p;1
BROCYKBDoCP;1
BRQPFXrjxg6;1
BRRwHvcD-um;1
BRsY0NjjF3M;0
BSewMNwj_dW;1
BSftWM9jl4Z;0
BSIepBQjKGE;0
BSN7oBwDMYo;1
BSUaJ4Wj6oU;0
BTJysBHjkTt;1
BUcxF2EDdEO;1
BUkkVeHD_0j;1
BUMMxueDwiz;1
BUZcWQdDmKJ;1
BUzXPKdjgEx;1
BR115tGA1sK;1
BR134H1gSFa;1
BJXssS0ghKN;1
BI1jCiYgic8;1
BIKLpitgHJ1;1
BIzsnSygYzB;1
BJX-5Vdgfln;1
BJX_C76AnGO;1
BKJ5viDA3SZ;0
BL1FrKPADky;1
BL7sgsEAc0F;1
BMf88nXg4xf;1
BMOrA1tAkO7;0
BMsYCnvgUSS;1
BMx2F29gHzK;1
BN0lxJsgmR9;0
BP2ZKLmAtXj;1
BP2ZtefAFL2;1
BPJzQRFgNjM;1
BPJzUqbgYg1;1
BPO-hQTAdUA;0
BPZw07qgVXS;0
BQFUK4BgaL7;1
BQIKi_HA-IB;1
BRI6bi0hL08;0
BSS4xb6Bho_;1
BTIgo1NFOPn;1
BTIgt_GFKLL;1
BTNQqcilNpb;0
BTWKbTbFiYJ;1
BUBa1OKFuLX;1
BUbEf6BFfC3;1
BUE2GNDlETX;1
BUI2RskFVOM;0
BUS47ihl18i;1
BUTcHpDldB4;0
BIPAz8Jj-FT;1
BP4fBbllI41;1
BPjs3i5hIbk;1
BPsQXZVhm0h;0
BQhsiuplxNV;0
BQKz1xtlOrx;1
BQxzJSWD2jo;1
BR9omgBDJk1;1
BRfJ6ZlD8fb;1
BRkm6o-jxdl;1
BRkso7Dj0bu;1
BRp0iNfDZf2;1
BRsSXBFjFjt;1
BRx8j4xjNyq;1
BSGCUIPDLRp;1
BSgGS_pjU2E;1
BSgnI7PDTyQ;1
BSqdd7WjgJY;1
BSqfEi-jsmp;1
BSQRcYLDXqW;1
BTBti9ND58r;1
BTL1_Lnj-Hg;1
BTNxy29jpI-;1
BTT9tnLD6dC;1
BU5GGxSDV2Q;1
BUd-oIADxxT;1
BUma0utjWYQ;1
BUMmzeOjmLz;1
BUrOdRwjMyn;1
BUx59bujMl3;1
BM-RyEkBdOi;1
BMKWZoqBW8T;0
BSIeRyegR8f;1
BSQSiF4AHBi;1
BTqfF9VgqJ6;1
9xu8yWnmiz;1
9z42Mbnmt1;0
9z4KNynmsv;1
9z4n-CnmtT;1
9z4Q8anms1;1
9z4r0hnmta;1
BAWCze0n1V6;1
BBe1mven1a_;1
BBe3Ag-H1dU;1
BBUswhBn1Yx;1
BCH3yYHn1aI;1
BCmJ5-Jn1Uk;0
BCmJob9H1T6;1
_DHabNH1cq;1
_DIEibH1dq;1
_Mgz_DH1dT;1
BMgftnyhJMZ;1
BMI9ekbhjxN;1
BMjLf8KBysW;1
BMoUSekBMq4;1
BMRETLhhv_3;0
BMRSAdkB4x9;1
BMTlZuahYxO;1
BNJ7rQIlABv;1
BNV3BVVlvY4;1
BN_nAFql_zv;0
BPtYrIQlWRb;1
BGmH-G4K1Ov;1
BLQDf3Zj4uC;1
BM3xc-rDzd_;0
BN4R2Q7Di-D;0
BT6luPyFYCU;1
BAICEHvImRm;0
BHrCQLTjyMn;1
BK-LGR_gMza;1
BMqXxJ0gjB0;1
BNBXx1MAbSv;1
BOr3SCWg6EX;1
BPU1CKHAP0s;1
BQm0sf7DWci;1
BS0Lt3mlz9Y;1
BSJLpy7j0UB;1
BUcE0eVlOJl;1
BG9HKSzsKpC;1
BHwuo3DDf5S;1
BMOr23QjFc4;0
BMtr4UwjpvX;1
BNhAE59DhPE;1
BQDKKUOjawo;1
BQXylgVjqen;1
BRdGB_DBlAp;1
BRdSIgQhMsn;1
BRdUtkXBQAe;1
BRzII89BGOv;1
BS2FkOGhH0w;1
BSiipzdBpkV;1
BSjAvKlBwd8;1
BTiX-gOBhtg;1
BTl37aUBsgD;1
BTxxuFEB_zZ;1
BUz6dDShwwv;1
BFSWR9jjXxU;0
BI47O3bB_kL;1
BIaAdMKhanA;1
BJPVmrQBojJ;1
BK7f-FVBaVe;1
BL0TdHfBpZ2;1
BL5ltmsB5FI;0
BLkKA_ihseq;0
BLLIkiABwfX;1
BLNfxX0hLw7;1
BMgvY9eB0r2;1
BMx_BOJBSGi;1
BNG2pgDh4uY;0
BOJe10whzdZ;1
BPg87QzhxNB;1
BQ47OwIDw0b;1
BQ7NYRljfyg;1
BQVVIZcBb0I;1
BQzrIFeD3zu;1
BRA8DMNj5U6;1
BRcxhPbj86g;1
BRDnNIWDRpi;1
BStG44ujCYt;1
BT0qqNEjDWS;1
BT1MnyqDR2M;1
BT34pZVDO2r;1
BTI2wRjDDQ7;1
BTJmZZvDFnu;1
BTLZMoYj2Vf;0
BUjqRCUDWw-;1
BUZJ_fZDdvK;1
BLgdhMLjkMu;1
BPcDGoRDjB-;0
BPO2eiMjaMb;0
BPXD_Y0jKYq;1
BQoh6GdFNpL;1
BQWY-swDGg9;0
BSJLxRtlSZX;1
BSnt79OFcv_;1
BMtgIyfhQNA;1
BPC-N3FAiOV;1
BS7r0IrFgsN;1
BS9_kIZFg6G;1
BUD82EilhKi;0
BUoU0QwlUro;1
BEiEhQSun5q;1
BGOLKWLOny0;1
BIeLXh3htgd;1
BJUgd0khk0C;1
BN0vEWggh4w;1
BOgl_qOgExN;0
BOrU5DAgy_R;1
BO_ddu7gHKG;1
BP1mr2ZhNqW;1
BQKzIxrB5WO;1
BQriALCjHO8;1
BQSLqtoDpSO;1
BSupl65D8na;1
BSXixu3Dppi;1
BTdUE2pjiyk;1
BU55B37Dtru;1
BUQ0KOfj-vf;1
_qCuOQunyZ;1
BMiFy3Vggtw;1
BMWbSengJtE;0
BMx7GdygJc0;1
BNA8jv8Amk0;1
BNS6l3lA7wy;1
BOUFrP5gkhh;1
BPBqRdmF7aq;0
BPPCT6RFpLL;1
BQJ59ablKmE;1
BQr0bFZAL0Q;0
BRgEQE8g6kK;1
BSFrxk8AW9R;0
BGMOs9IKU50;1
BIkMzHZDjAa;1
BJIPa6iD2Rr;1
BMq5GC_BAw5;0
BNOYtc-BvmD;0
BSgMSsXDBVU;1
BUeYgvejqkm;1
BGO5siqNB5h;1
BKcdaWPgg8a;1
BOCj4sqAnpp;1
BQ45srfDEom;0
BQ45_wnDNg4;1
BR5hxjyjPAn;0
BRw0i_2DqN1;1
BM1bzacA_rL;0
BM5Va0_AICR;1
BM_bUbJA5DS;1
BM_la2CgHO3;1
BM_lDoJAwbl;0
BN7AhacASuO;0
BN9GeBCAoI9;1
BNBAMHPgY7W;1
BNbj2UfA-r7;1
BNbkuXjAp3E;1
BNmDAhjgwl0;1
BNntC3iA6rT;1
BNT5hLggC2E;1
BNT5U-ygy6m;1
BNT5xEXgfVf;0
BOKQpWEAhWL;0
BOKQQXIgrWO;1
BOmuo-1g36z;1
BOuZsXDgIx5;1
BP67xZjgZnz;1
BPfJM-kAZvO;1
BPnB-EWALJ0;1
BPXVIEngj6j;0
BQ-EALTgiGq;1
BQ6OPS2gutX;1
BQcVhqtglC4;1
BQfrZcbAV8-;1
BQR9gGJAwyY;0
BQSpfLig_sC;1
BRDXKVoABy_;1
BS8vSytA1TG;1
BSQj4_0AFw0;1
BSYWXPoAkXy;1
BSZ7jQDA2xO;0
BT1NE8Ug_dE;1
BTI5fCvAhzV;1
BTJqTI7gDpL;1
BTNgblDADDx;0
BTwd_dAA6m7;1
BTWXZeKAN55;1
BTybcshgvna;1
BUbXtg7gpm3;0
BUjc5bUA9Nf;1
_8-2ycuVZr;1
_8-6YKOVZy;0
_8-l5qOVZP;1
_8-rH-OVZX;1
_8-xAYOVZd;1
BO4ZmxhA3GK;1
BOHPtiog02l;1
BQp3j5iArEP;1
BRx1yeeA_BL;0
BSptiSrlClj;1
BStCU_EFqZf;1
BSV0t_JFOEv;0
BDmyZIYkDqS;0
BKHLcemBTTv;1
BM6W4VSBDlW;1
BP8bAClh8ru;1
BPezJ9wBwqi;0
BPezYhRhyRA;0
BPhfJNnB8gO;0
BPWRH6ghX7l;1
BQ94R5DFubF;1
BQ96QMZl3Zn;1
BQFBd9aAqb3;0
BQFEc8MAZMr;1
BQFG16Cg7VP;1
BQhVdCphwRp;1
BQhVwNpheA1;1
BQhWBAZhqnT;1
BRBzqMclTUc;1
BRGwze2FJIS;1
BRO0Y10lSb_;1
BRvJ_wSle-U;1
BSgplL_F0l-;1
BSgq28YFBKB;1
BSpsE0Yl1lo;1
BSr7bDJFPgW;1
BSVSDXVFchC;1
BUrkWJrFuYf;1
BUrlrW0F5Dd;1
BUv3e9VlhND;1
BBg0Z4RHUie;1
BCiQi1AHUph;1
BLV4FqNBDGs;1
BM-03-7BDsw;1
BN4cwioBSVH;1
BN6FqSBhhH_;1
BOpFXogBXFH;1
BOsAD9kB9i-;1
BPKlxDkB6Hr;1
BQkyY9WBVuZ;1
BQrkjakhsem;1
BLlR3W2hL1M;1
BMF13P4DeFk;1
BMOdDhOhnNx;1
BOHUyiJj61F;1
BOjuN-QjrKv;1
BOsFEE_Dmdz;1
BP1TRVGFzWX;1
BQ8DPccBsQw;1
BQpBR8ih2uX;1
BSuly5OhG2S;1
BPaK8p4g48q;1
BSJVKPtFwuF;1
BNDh-H0AykE;1
BNURFDDAv2Z;0
BNY30JrgID5;1
BO36MGYAOgs;1
BOWKrwCgO6K;1
BP2laGJl8SC;1
BP2lRZulGlU;1
BPbzIquAuZ5;1
BPK0c3LA2if;1
BPK0ip-Ae-O;1
BPK0sqkg187;1
BPM5QYkAFAI;1
BPM5VG0ARWe;1
BPM5ZRdglAd;1
BPpT188gpBQ;1
BPpTE4ig9rg;1
BQEZ4eBFS3q;1
BRFxzJjleSo;0
BRFyfnDlke4;1
BRFyT1WFHmF;1
BRpjIRplCJH;1
BRpjLMUliLE;1
BRpjNR7loBs;1
BSal1JRFNiz;1
BSaluJjFy1g;1
BSalxK1lEzp;1
BTP2C1wlJi1;1
BTP2N63Frt3;0
BUBL2ysFlGw;1
BUBMJ5mlmrZ;1
BUBMWI4lfne;1
BGYb0DTyIMz;1
BGYJdlYyILJ;1
BN3p47JDdWq;1
BNO2PyEDlvS;0
BPgnFYZDRs_;1
BRcvftxFd83;1
BNN2PnnBiK3;1
BQPxoeijPK3;0
BC85SF2K9gf;1
BE3LP2WK9vm;1
BEBpJQZq9mE;1
BIXSqL8BwE9;1
BKh4JLLhyEZ;1
BMLL-EqhTND;0
BNV5EY3hPtJ;1
BP_iHs2BR1J;1
BRGC0VNg9cz;1
BS3FwXEAqZm;0
BTwFHZSlJI6;0
BABjlAAAD37;1
BCAm-TrgD3C;1
BGJaQ-GgD3K;1
BH8zpgThaMQ;1
BI4f-E4hv1D;1
BIrjsjMBJYh;1
BJAFndZBA3F;1
BJE1GVzBs8P;1
BJfE-Zhh4H6;1
BLalGI8hgND;0
BLNlS1QhuRH;1
BLnskMyBKO4;1
BMl0OOehkII;1
BMYbqoUBhoT;1
BNqgwz6h0Zk;1
BOW1CgehSoD;1
BPfFs5YBvWB;1
BQ1TtNtFCAL;1
BQXs0q2hDmd;1
BR5UPJYlrv0;1
BSTCbsBlG_O;1
BTI8Arql5a3;1
BGL8YXIq8Fj;1
BGQbK02K8FE;0
BHpTUghBFhV;1
BHRU2cJhdyt;1
BHRY1UfBgwC;1
BHRYYoyB2wF;1
BHSH8tzBO2B;1
BHSQ4S5BprC;1
BIcBkkfhVVY;0
BIU7IG9B3Is;1
BIz2C8vBIXy;0
BJNXGPYhgNj;1
BKb4NUyhRBs;1
BKiT0TzBwVM;1
BKOE3llBvDd;1
BKP4S-2hfYy;1
BL3MqwmBOfx;1
BLYKoZBhUbJ;1
BMRKrI5hC3L;1
BOEnD2Rhn5c;1
BP432qrhJuC;1
BPpTZ-SB0kD;1
BPr3Kj9hKVr;1
BPZ66hkhu_p;0
BQ2qWLcFxjG;1
BQks5Uzhgar;1
BRa0VTrFS4b;1
BRDsD6YlhVg;1
BRIiIs-FQvi;1
BRYCefsF_ED;1
BS3JlFcjIhx;1
BS8qTJ0lUkr;1
BSfkzvuFpRX;1
BSJEpLuFdi5;1
BSlSiwalyMC;1
BTbCGB_FRQG;0
BK2jq5Dh212;0
BK5VSh3BKie;1
BKaijoIBhKk;1
BKezdpZhTSe;0
BKLNDSWAWcQ;1
BKPvseig0Kf;1
BKPz3UfAUmD;1
BKQCODCgrdH;1
BKSm7m1ASxY;1
BKVcNeUgtj9;1
BKVf59pgFZg;1
BL3MhUchwN4;1
BLBQ3jhhKmR;1
BLCzZ7EhN3M;1
BLdXV8LhQYn;1
BLLaToTBn0h;1
BLlMv-OhNGw;1
BLlNHA4BMdC;1
BLlVh4OhJMa;1
BLOQuothNYE;1
BLqGd48hnHK;1
BLs2-zTBYYp;1
BM-PyOMByzD;1
BMbPY_7Bvnq;1
BNjlcx2hU9K;0
BOJhhGyBCjr;1
BRBFAHvAQM_;1
BTgrrInlojj;1
BTQ2rdogtSb;1
BL93cI-g1SQ;1
BLljl6wgWXt;1
BLljY0fAdUW;1
BLmQYwMgk__;1
BLncq3pga6R;1
BLnWAPMANzg;1
BLoGjooAojO;1
BLwOoztAD0h;1
BLwRK-3ASM4;0
BMxKX5Cg500;1
BQ76iZOFRCf;1
BQRRQL2D-_F;0
BQUqCz7AUpx;1
BRip0XFFR3s;1
BSkvkvNlbK5;1
BNQz2cnA0Rc;1
BOuE9geDuEB;1
BO_-UT3jPqP;1
BPcRDSAjyVj;1
BPjgROlD-yG;1
BPPe7J5DtfU;1
BPsCADBjxV9;0
BPSTuWpD4uC;1
BQ20gphjJC8;0
BQHGyPelmkU;1
BQhRIUsDR7o;1
BQm8D5sjpsX;1
BQPxQipDtAY;1
BQrb70tjVfM;1
BQXv3ljDG5i;1
BR2JS0xj56f;1
BR47omrjqkW;1
BRF1MGuDBrP;0
BRfiEcRjI7t;1
BRpVLb6DDqw;1
BRXqKocjfld;1
BS5Xenvjf-x;1
BS8n1Z9jyex;1
BSaL8WujC7t;1
BSFxMWzDisK;1
BSI-q44D66s;1
BSI-t-NDPBU;1
BSI-xzQjfwD;1
BSih0BADD-p;1
BSOFwLrDlUI;1
BSuez3dDO_T;1
BSxbBIPjZXN;1
BTiylyQjgCB;1
BTl9RThj16i;0
BTOV9DkjuZ9;1
BTTcWdGjBcw;1
BTvhdqfD38g;1
BTyfaIkj7u5;1
BTZB_cBjrFS;1
BT_MtCfDRRT;1
BU3bIrYjHsl;0
BUjkwi6Djj4;1
BUmYybqjYag;1
BUTCZeqjM4y;1
BUYpviyD6Ir;1
BHpl3_GA9rn;1
BIHxxhQggqv;1
BJaaFTIAXji;1
BJAVSMGAzou;1
BJC5sIjgNhX;0
BJS6kAjgFVv;0
BKcq_NpAP_K;1
BKda_23Adoq;1
BKfUSuBA4yt;1
BKvObxygM6V;1
BLkVbVhgWm1;1
BMLDzqKAZL8;1
BMnvm5ogAx6;0
BMoAxcGAqrO;1
BMunsLtAL-_;1
BN1n97QARf8;1
BNqCYl3AbDG;1
BNrY3HNgHd3;1
BObJTbfA71w;0
BOPIQcjg3P0;1
BOwkWwUAxLi;1
BRcz1TyF8FE;1
BRN2q2TlJWQ;1
-C6TZiOs2M;1
#NAME?;1
BFSnVhius33;1
BHGfZuMBEJF;1
BJ4uVUmhEu_;1
BJUZaQBBlyQ;1
BKwlAr7B2z1;1
8ANPP4xNFh;1
BIMI0Z5hgF1;1
BKP5Bb4BFws;1
BLkxtH9B-V8;1
BRdYYyIj-XL;1
BJ5a0MLj0PJ;1
BL8hnyHDAmZ;1
BNwcYgljt3i;1
BOJHZr_jD7f;1
BOw6N4-jEHR;1
BOZJTMajxls;1
BPfbWSDDh1T;1
BPfJp_PjGMl;1
BQ8F5s3FQYf;0
BRlIOBmlCHE;1
BTJryUKFbPA;1
BTl4kESlkrX;1
BU14G7gFqpV;1
BUbIZBsFhJK;1
BUdLqE3lveq;1
BUdNp9LFjej;1
BUe19yNlVJU;1
BUedy68lGBr;1
BUhOC8vFwK3;1
BUjxhISl8B-;1
BUuZ8JKFZBd;1
BUw-mqNlY2n;1
_F-xTRtURk;1
BJCrerHDpaa;1
BL3hvH3Dx18;1
BNOgcj3jd04;0
BSBanQoDGzF;1
BSI_AtOjnUs;1
BOb_umLjYZ_;1
BOc1_OljdTO;1
BOdABr1jGvU;1
BOdBBeIjZmy;0
BOsUT7LjstP;1
BPaSqvRjwar;1
BPcaEi0jhRj;1
BQabfNmj-xV;1
BR0W8WeDp0q;1
BR3LpIIjmYN;1
BR56xWvDA0t;1
BRiGFLtjip3;1
BRim1oCDcr0;1
BRqDXvPDX4y;1
BSJN6QkD6sQ;1
BSKXlSajRly;1
