"Dia bukan seseorang yang memiliki kesempurnaan. Lebih kurangnya, ia tunjukkan. Dan aku, tak satu alasan pun kumiliki untuk tidak menerimanya dalam keseluruhan. 
#akumencintaimudalamdiam#penakecil_id #lembar217#transmedia"
Gntng.
"Bisa kumpul kek gini kalo jumat doang ya
???"
????
"Hehe:)
-
-
-  : audy"
"Bangsat!! Ngalio seng adoh teko orepku!!,-"
 : @andika_pramana_dipra
"Selamat senja, pintu air jagir."
"Late post 
in @jakcloth  with @sovtdrink
#spegamamusic #rumahbirumusic #stayONmusic #sqiuerjazzbass #apxguitar #elcampmusic #jakclothroadtosby
#jakcloth"
"Bahagia itu ngga harus punya pacar
Kaya kita ini semuanya jomblo tapi kita merasa bahagia #fannypuuutri"
I would still pick you up after you leave me^_^
Favorit baruuu 
"• Appreciate while they last, because the arrival later regret
#likeforfollow #likeforspam #likeforlike #like4likes #car #cars #white #feed #feeds #feedgram #feedgoals #instagood #instagram #instadaily"
Unjuk gigi senyum pepsodent
Dolor dolor kakean cocot
"Menjauh, terus menjauh, menghilang entah kemana??"
"authornya summer island 
.
.
P.s : dulu pas uda lulus sd pengennya ketemuan , tapi sm2 sibux y Tes :v , bru ktemu 3tahun kemudian :v ngehehehe 
cuma mau ngasih tau aja yg dulunya deket skrg jadi awkward :v semuanya ada masanya y .
sukses unbk Tes :v"
Senyum dong :)
"faded.
: @taufikks7"
ongkek ndaseeee
"Satria at @nuansamusikofficial .
.
.
.
.
#Music #Musician #Fujigen #Guitarist #Guitar #Gitarisina #TalentedMusicians #Lickwars #Riffwars #UniversityOfRock #Rock #Blues #RockBand #Talentagram #Band #IndoVidGram #IndoMusikGram #Indonesia"
Thxaj
Dad?
"Baginya, menunggu itu tidak membosankan . 
#belajarmotret
#fotografi
#exploremalang"
I love you. Do you feel the same??
jangan ada dusta diantara kita lur
Terkadang cewek lebih memilih mengalah.. daripada harus bertengkar dengan orang yg dia sayang.
Memories
Sudahterlalulamasendiri
.....##
 2/2
"Long beach 
.
.
.(42/365)"
"Dalam Percintaan,Masa paling romantis adalah masa pendekatan,pada saat sudah benar-benar jadian,banyak perasaan yang akan sirna - u r the  of my "
"Sahabat adalah orang yang negur kita klo salah, bukan yang ninggalin dan ngomong dibelakang klo loe buat salah."
Tim sukses : @safiraaghniis @shirenaputrib @dytaa.o @lindungsyafira1 @ibi_rozer3 @nur.riski17 : @dewiaryanii_
"""Single atau jomblo itu tidak selalu berarti ga laku. Tapi sesuatu yang paling istimewa, selalu dijaga dengan baik selalu dikeluarkan diwaktu terbaik dalam kesempatan dan cara terbaik pula. Bukan diobral."" -tl"
"Aku Iku Nduwe Konco Lah Arek e tahun depan kate nak kalimantan,Bupatine sepupune ebesku,dikongkon berbagi ilmu teko kene ng kono,tapi de'e kate mbalek manek nak sby onk 1 amanah MengHalal kan Skill on
-@irfanbsc"
"Follow my friend, anaknya baik, imut + cantik (menurutku gak) :v  @melisasetiawati12"
"Follow my friend anaknya gembul but cute  
@megananda34"
Ternyata aku dwe gambar e aliando ambek prilly.. Eeeaa jkts nyadar ket biyen nk ndi ae mbk?? 
"kiri suka tak bully @vikkamalina
kanan suka tak pukuli @lintangpzk"
"#Repost @vikopratama68 with @repostapp
???
Candid
#lfl 
#fff 
#love
#likeme"
"Ih langsung post
Ps: grid 4 apaan gilani"
"Untuk apa kita bersedih, sementara kita punya alasan lain untuk bahagia "
"Sunmori? Asikin ajah... .
.
.
*abaikan muka dan perut 
@butterdrowned 
Thanks to :
@kreboman @maulana_ms @rafiihzaa_ @butterdrowned 
for your time
#mykindofsunmori #royalenfield #classic #500cc #satuaspal #rodaduasampetua"
Tag temen lo yang senasib sama gue
"Idc how beautiful u'r if your personality is ugly, u'r ugly. "
sebangku cuman gara2 pemetaan 
"• The most dangerous creature on this earth is, A fake friend 
#likeforfollow #likeforspam #likeforlike #like4follow #like4likes #white #bedroom #feed #feeds #feedgram #feedgoals #instagood #instagram #instadaily"
"Follow my friend, anaknya suka doraemon,jail, GJ,kuker
@angellcds25_ 
#delsoon"
rokok sentuh bibirmu pun aku cemburu
"#warungsetan 
#warset"
Darkshines
"Kagum?bukan berarti suka.
Suka?tidak harus sayang.
-
-
-
-"
Percayalah klu dia itu berat @akhsalrico
Merah lagii baju garis garis lagi
"Ini Gua dengan sejuta kekurangan gua?? trus lo bilang gua sempurna??Gak tuh gue gak sempurna masih banyak kekurangan gue?? kalo mau Ngefitnah gua yg macam"" mending lo ngaca dulu deh sana?
•
•
•
#kawan"
why were forced to do something?(1/2)
best friend is the only drugs i need
:(
"aku akan terus tersenyum, meskipun harus tersakiti."
Luv
uwuw
"#persebayaday 
#bonekKORAK"
"Alhamdulillah.Semoga Bisa Menjadi Lebih Baik Kedepan 
#2ndplace"
Anaknya bu yun kok ya.
Poni pendek (((:
"Though see not perfect, but see can happy"
Sameday you will understand
"Tiga Semprul Mencari Hiburan.
.
.
.
#jogja#istimewa#ayo#dolen#ugm#latepost"
Makan bang
Kembaran uhuy.
Lalalala~
"'Cause you know i get excited, when you get jealous too."
suara kami pun tak pernah hilang.
Yeyeyeye.
".
.
.
(79/365)"
maaf sayang nribun dulu baru kamu
"Cinta itu ibarat angkot, rela nungguin orang orang dijalanan yang belum pasti mau naik~
#paithdaily .
.
.
Eits tapi jangan salah, semakin angkot nunggu lama semakin banyak penumpang yang naik. Haha"
"Happy first anniversary SJ 
Semangat usek????"
"Pencitraan kabeh
Ps: sayangnya gk ke sebelah,sebelah tutup,wkwk tapi kita jg ikut maen di wahana nya kids play"
Sepertinya dengan olahraga ini aku bisa membahagiakan kedua  orang tua ku. ... #sepakbola
"• Feel amazing today 
#instadaily #instaquote #instalike #instagood #instagram #instamood #likephoto #likemypic #like #like4like #like4likes #like4follow #likes4like #likesforlikes #likesforfollow #followme #follow4follow #blue #quotesoftheday #quotes"
"Kita buat ini sambil mikirin pentol 5000 hahahahahha
Poky poky strobery"
Semoga yang ke-6 ini menjadi lebih baik lagi 
Akuh gak baik dan  gak sempurna.tapi bisa buat kamu tersenyum di setiap saat kok
"Bahagia itu gak perlu mewah, cukup istighfar untuk masa lalu, bersyukur untuk hari ini, berdoa untuk masa depan.... (80/365)"
"Pagi ini bgun cepat
Biar bisa liat senyum kamu di pagi hari
Assyik
#pagi buta"
Gak jelas
Makasih udh nemenin aku seharian
"Gk jelas,-"
Karna kamu lah yang aku banggakan
"Ketua/pemimpin itu harus menguasai segala tugas-tugas yang ada di dalam organisasinya, namun bukan dia yang melakukan semuanya. Dia menjadi guru bagi anggota-anggotanya, memintarkan anggotanya dengan cara memberikan tugas-tugas yang dapat menambah ilmu di"
Bäd And Böujee
"Stop bullying !!
#bangkitgenerasimuda"
"Vidio saya yg berada do museum bank Indonesia.maaf jika Ada kesalahan.silakan like,komen,and share"
Gpp pendek yg ptg uda smk.
Hzzzzzzzz
semangat usbn unbknya
"Ada gajah di balik batu
Tapi akuh di balik hati mu..!!"
"Ketika seseorang menyakitimu lagi dan lagi anggap aja mereka sebuah amplas yg menggosok kamu, pada akhirnya kamu akan bersih mengkilap dan ia akan habis tak berguna.~DeddyCorbuzier~"
"Don't break my heart
-  ania"
#menunggumu
Everytime is us
"banyak hal yang aku sukai dari kamu salah satunya ""kamu"" yang selalu membuatku ""tersenyum"" saat bersamamu -ddh"
"• Be kind to yourself 
#quotes #quotesoftheday #patrick #follow4follow #followme #followers #following #followforfollow #like #likemypic #like4like #likes4like #likesforlikes #likesforfollow #like4likes #likeforfollow #instamood #instagram #instalike #ins"
Isi minyak mentah yg udah jdi
"Malu malu kucing boleh, malu maluin jangan "
Karena ciptaan tuhan selalu INDAH.
Segera beli slime di @cute_slimefactory hanya 5000
Alhamdulillah!
"Small snowflakes and other
#kirigami #kirigamisnowflake #origami #origami #paperart #artwork #snowflakes"
"sang juara bukanlah mereka yang selalu menang , sang juara adalah mereka yang punya semangat tak terkalahkan"
eeh ada kamu
Cintai aku tanpa ada kata karena
Dia lagi
"hatiku tinggal 4 , kupegang erat2 (:"
"Selamat senin.
Semoga nasib mu tak seperti bendera yang di puja, di hormat, lalu di tarik ulur dan di tinggal sendirian "
... alhamdulillah
.....
"My little very funny
#TK"
pinjem ya bu hajahh bajunya wkwk @bhiechorina21
"Setidak nya kamu mengerti perasaan ku... (KUKER)
#fannypuuutri"
"Jika kau hidup di dunia hanya karena berlembar2 kertas ini, maka dirimu sama saja merusak akhiratmu *quotes buat orang matre :v  .
.
.
.
.
#photograph #arcytecture #building #jogja #explorejogjakarta #explorejogja #pesonaindonesia #indozone #indozonetrave"
"Kita tinggi
-  ania"
Kangen bangett! 
"#nocaption
#noefek"
05•03•17
"Intinya, jd jomblo ato engga itu bukan hal pentingyg terpenting adalah bahagia wkwk"
"Belajar 
@triller_generation"
cuacat
"lau pling bahagia y :v
.
.
.
.
p.s. emng cildis kok "
"Whole squad winnin', you got small money"
ailsakecil:)) with grandma
"Always in One team 
#Minecraft #survival #join 
#with @_bryansr10 @farhanizzuddinp"
"something just like this.
 : @airramadhan
.
.
.
#indomusikgram @surabayavidgram #drummerindonesia @drumuniversity #indonesiadrummer @drummerindonesia #drumuniversity #zoomq4"
pencitraan a en je a ye
Maafkan saya diet 
"Cukup Dewa Brahma aja yang mukanya banyak, di antara kita berdua mah gaperlu 
.
.
.
ps: udah kaya upin ipin kemana mana berdua "
"hbd 41th
gamon aja yaa jgn move on
makasii td uda ngutak ngutik hpku"
Makasih udah difotoin...
it's not fine
Black and white.
Perjuangkan apa yang harus diperjuangkan...
Bangkupt victory!!!
malaikat vs setan
Ddy pembalap malu 
kon seneng wingko a?
Okok
Aku tak ingin berkata apapun meskipun kau dekat dgn dia!
???#SongJoongki #songhyekyo #descendantsofthesun #songsongcouple
"Blarrr 
.
.@dhivaaap
.
.(60/365)"
Kalian sama-sama berharga dalam konteks yang berbeda -antariksa
"This is my friend -
by: @aqshal_raixel
#_22fz"
"Nyengir timee.. 
.
.
.(70/365)"
"Teman tuh main bareng,  bukan jaim bareng."
Dia terus
aku juga rindu ini
Tulus itu sampah.
DDM.
Ter'muah
"Jika waktu bisa diputar kembali aku tidak akan kembali ke masa lalu untuk memperbaiki segalanya.
Karena, masa lalu adalah sebuah pembelajaran yang bisa kita ambil hikmahnya untuk masa depan.
.
.
.
#sore#senja#surabaya#indonesia#sungai#instagram#instagood#"
"Pen post
3/3"
"I'm not a nice girl
1/3"
"Aku ngga tinggi² banget,
Cantik juga engga, tenar apalagi,
Suka malu²in, kadang sok gatau apa²,
Tapi aku bisa di ajak susah bareng dan insyaallah bakal setia:)
2/3"
"Tidak berharap banyak dengan nya , bisa sejauh ini bersamanya sudah lebih dari cukup"
"[1/2]
Kesayangan "
"[2/2]
Kesayangan polll
.
.
.
.
.
Sapinya tapi "
"Yang menyayangimu tidak satu orang. Jangan jadikan satu orang membuatmu berhenti berharap. Hidupmu harus tetap berlanjut
-Rosiana"
"
#kiminonawa #tachibanataki #takitachibana #mitsuhamiyamizu #muyamizumitsuha"

#kiminonawa #takitachibana #yourname #animelover #otaku #otakugirl #otakuindonesia #otakus #anime #loveanime #otakusurabaya
"At LEGOLAND Malaysia
(27/12/2016)
#legoland #malaysia #lego #creation #latepost #lateposts #traveling #justplaying #creative #2016"
Wkwkwk
Selfie 
My Bestfriends 
"tidak ada kesalahan, kekeliruan, apalagi dosa dalam sebuah perasaan, bukan?(:"
"No caption
Ps: jangan salfok"
Soekarno di era modern
"Ulang tahun ke 23 makin tua aj ni.tapi mash suka sama yg nama nya minion apa lagi pas kue minion gini
Hahahaa"
terkadang sendiri itu membuat kita nyaman
Termuah 2^
"Maunya malem mingguan ama syamsul yusof atau alif ali atau @arbaniyasiz juga gapapa. Tapi yang ada billy ama kak bellu yauda mereka aja cukup kok :))
this pict taken by @bellabelbina"
"Baca ya sampai habis.
.
Kami disini memenangkan lomba futsal, wkwkwkwk...
.
Perkenalkan kembali
Kami adalah partner pembanyol.
.
Trimakasih.."
#latepost
You can do it
Karna aku syang nk awkmu:v
hi have a nice day.
Supersemar
Terimakasih untuk selalu bersabar denganku dan melawati semuanya scra brsma-sama
#NAME?
"Bersantai sambil bercanda.
@sidoarjophotograph @sidoarjodokumenter @bandengasap.clothing 
#Sidoarjo #HUTSidoarjo158 #Fkpu2017 #Sidoarjophotograph #Sidoarjodokumenter #Sidoarjo_onthestreets #Banggasidoarjo #Bandengasapclothing"
Best Friend Forefer
Bersama bapak ketua LAPAN
"pieces of snow there in my hand !!!
#snowflakes #kirigamisnowflake #kirigami #paperart"
"Beauty on parade.
@sidoarjophotograph @sidoarjodokumenter @bandengasap.clothing 
#Sidoarjo #HUTSidoarjo158 #Fkpu2017 #Sidoarjophotograph #Sidoarjodokumenter #Sidoarjo_onthestreets #Banggasidoarjo #Bandengasapclothing"
"Beauty on parade.
@sidoarjophotograph @sidoarjodokumenter @bandengasap.clothing 
#Sidoarjo #HUTSidoarjo158 #Fkpu2017 #Sidoarjophotograph #Sidoarjodokumenter #Sidoarjo_onthestreets #Banggasidoarjo #Bandengasapclothing"
"Beauty on parade.
@sidoarjophotograph @sidoarjodokumenter @bandengasap.clothing 
#Sidoarjo #HUTSidoarjo158 #Fkpu2017 #Sidoarjophotograph #Sidoarjodokumenter #Sidoarjo_onthestreets #Banggasidoarjo #Bandengasapclothing"
"Ngakak onlen wkowkwowkkw
@ehdimaz 
@dhamoaldf"
"Follow kakak yang baik hati ini, tetangga sebelah @aldava_bramoda "
Alhamdulilah aku manis hehe
"Why you soo cutee @mrezafzi @putridelinaa 
Btw dresscodenya item item ya hehe"
"Semasa waktu kecil,imut kan?"
"• I always love anything that comes out of your mouth. Even if it's a lie, it will always sound good 
#quotes #quotesoftheday #instagram #instalike #instagood #instaquote #instapicture #instadaily #like #likeback #likephoto #like4like #likes4like #likefor"
"#Repost @sidoarjophotograph with @repostapp
???
regram @dolordarjo
Mari sahabat-sahabatku dari segala penjuru,,ramaikan... =========================
Siapapun Boleh!
REPOST/REGRANN BANNER INI!
(Beserta naskah/texnya)
---------------------------------------"
"Ayo Datang Teman-Teman, SATRIA & THE MONSTER Akan Perform Jam 11 Pagi di Transera Bekasi. FREE!!!"
Belajar tersenyum walau ada masalah
"Alhamdulillah
#persebayaday
#rindutribun"
Sahabatku adalah seseorang yang menjadikan aku yg trbaik
sorry i kept trying to hold onto u when it was obvious that u didn't want me in ur life änymore:-) ps:merusak telinga.
always pray and hope #suksesunbk#munggahkaji
Kuingin kau mati saja!! 
"Sabar bro sabar xD
Apakah disaat seperti ini saya boleh ngakak ?"
Rindu berat
H O A X tok kalee
Iki baru konco 
terima kasih raja salman udah ngeluwangin waktunya buat dtg ke smpn 35. we love u *btw raja salmannya nyempil
Gila bareng @saviraauli #trillerindonesia #triller
Kenangan untuk masa depan
"Terimakasih atas kunjungan anda, Raja Salman."
"Sore guys @spegamamusic mau ngadain event nih di loop station surabaya.......kalo mau tau siapa aja yang bakalan tampil stay tune aja di instagramnya spegama music
.
.
.
.
.
.
.
#spegamamusic #stayONmusic #elcampmusic #rumahbirumusic #loopstation #loop #e"
"• Sometimes you just can't explain,what you feel for a person 
#like4like #like4follow #likeforlike #like4likes #likeforlikes #likeforspam #likephoto #followme #follow4follow #followersmurah #followtrick #gray #car #cars #instagood #instalike #instadaily "
"adek kecil udah umur 14 aja, hmm"
"sayang kamu boleh?
.
.
.
.
.
.
"
Revenge 
When u tiba-tiba keinget kalo senin masih uts
"• She loves adventures 
#likeback #followersmurah #likeback #likemypic #like4like #likephoto #like4follow #likeforfollow #likeforlike #likes4like #likesforlikes #likeforlove #followme #likeforspam #likesforlikes #followers #followersmurah #follow4follow #"
kata siapa cewek kalau main sama cowok itu murahan
kata ibutika perempuan itu harus STRONG
"udah dibilangin loh ya, cinta itu bayar
---------
#vbts #taehyung #taetae #bts #bangtanboys #fff #lfl"
"pacar apa kabar?
kok tambah ganteng sih?
--------
#vbts #taehyung #bts #bangtanboys #lfl #fff"
"kasih cinta itu bayar ya
---------
#vbts #taehyung #taetae #bts #bangtanboys #lfl #fff"
Akumah bangsatnya cuma nonton FAKETAXI bukan jadi FAKEFRIENDS
Alwayss alaayy withh herr
Makasih waktunya 
"Tutup rapat mulutmu itu, karena mulut mu adalah harimau mu... dan mulut harimau bukan lah mulutmu... lalu mulut siapa yang perlu ditutup?? mulut teman mu... jika teman mu tidak mau ditutup, berarti tutup lah mulut mu sendiri... 
#blukutukgalantiz 
#tb"
"• You can have,do and be anything you want -Joe Vitale 
#quotes #quotesoftheday #instaquote #instalike #instagram #instadaily #likephoto #like4like #like4likes #likes4like #likeforspam #likeforlikes #like4follow #followme #followers #follow4follow #gray #"
Jangan lupa bahagiaa
Haloo
Keluarga besar RT.Komes||||| Flat earth is real
"In any case we were always together.
.
.
.
.
.
.
#bersama#7h#sekolah#instagram#smp#surabaya#indonesia#buendah#kelas#post#wajahku#terpampang#kelas#rujakan#teman#mukakumus#hitzzz"
eh..
Semua akan Indah pada waktunya
i Can't stop loving ü 
"ter-rempong
pom-pomnya join an ya biar sama"
"Vakum sementara
@muser_surabaya_ @musical.lykreatif @muser.generation #musergeneration #uniquemuserom #uniquemuser @unique.muser #muser_surabaya_om #muser_surabaya_ @muser.crooz #musercrooz #muserindonesiakreatif @musical.lykreatif @youngsquad.id #youngsq"
Karena pada akhirnya kita jatuh cinta pada orang yang tidak terduga duga
Low low low low low
Haters lebih tau dari pada fans :v
????????????
girlband
Just say love love love
3-Mar
3-Feb
3-Jan
"Caption'e,Aku gaerroo"
unjuk gigi berhadiah
"Happy Birthday mah frend 
Plz dont forget me but, plz forget my debt  Do you remember this old photo dude ? "
h-4 ya lyl
"Jalan kuy ! #exploresurabaya
.
.
.
.
.
.
.
.
.
.
Photograph taken with Canon EOS M3, ISO 1000, 1"", f4.0"
Uwuw
"Soon i'll be 20 y.o
.
.
.(74/365)"
 : @murliaty
"Coba hati bisa bersahabat dengan pikiran, mungkin pikiran bisa mengatur bagaimana perasaan "
Liatin siapa ya?-
"Fakesmile
.
.  : @fatima.tzzhr"
Partner.
Tetep gini braykade tong lupdir
"Yah orang ini lahir bung... Bayi lair suaranya "" owek owek"" kalo dia "" nyim nyim nyim nyim"" hahahhahaha  HBD yaw "
"This queen need a king
- depok"
  @inayhnc
With teman
"Katanya sih ""stay with me""
Tapi ""where are you now""?
Terbukti kan kalo ""I'm not the only one""
Jadi, ""what do you mean""? Ya, terpaksa kita ""see you again"" "
"It's only hope. One, two of the hope they will indeed make proud. While the rest, more produce remorse."
Telangu 258 palembang
"•Take time to do what makes your soul happy 
#flowers #gray #follow4follow #like4like #likephoto #likes4like #like4likes #like4follow #likeforfollow #likeforspam #quotes #quotesoftheday #instagram #instalike #instagood #instadaily #instagood #instaquote"
Karena doa adalah kunci segalanya 
"Hei kamu.bahu kuh siap kok untuk buat sandaran diri muh 
Eeeeeeaaaaaaaa
Hahaha"
Pejuang waktu
pengalaman berbicara (:
Jangan melupakan sahabat ketika kita sudah mendapat cinta -NurilAminatuzZ
"Krna orang"" yg perduli ama Lo gak bakalan ninggalin Lo disaat Lo sedang m'butuhkan"
Gangsta :v
Lupain cinta kejar cita-cita
"Kamera biasa,tanpa efek, tanpa xiaomi, tana go pro, tanpa fish eye"
"Kn gk ngreken aku, aku yo gk ngreken kn!! Gampang kan!! "
Sendiri dulu smpek sukses
"#instadaily #instalike #instagood #gucci #like #likephoto #like4like #likemypic #like4follow 
#like4likes #likes4like #likesforlikes #following #followers #followme #follow4follow"
The Brothers
Karna yang namanya sayang gk bkal pergi
"Ketika hidup memberiku 100 alasan untuk menangis, kalian hadir memberiku 1000 alasan untuk tersenyum."
"Jika nanti kamu lelah, jangan cepat menyerah.
Duduklah disampingku dan dengarkan aku berkata : ""aku akan selalu mendukungmu"""
-
"""Sendiri bukanlah ketika tidak ada orang di sekitarmu , tapi arti sendiri yang sebenarnya adalah ketika ada banyak orang disekitarmu tapi mereka tidak memperhatikanmu sama sekali""
-rpst"
-
Jijique tapi lucu:'v
I'm not alone because I still have them
Babon bonbin
"Kita kok samaaa ya @vira_sevira250
#fannypuuutri"
??#SongJoongki #descendantsofthesun #jingoo
Suatu saat kita akan sadar kalo kita pernah goblok karna seseorang.
Pramuka bebas berekspresi
Sangaar Pekk!! Penemuan baru
Masa lalu biarlah berlalu
"Kemenangan ialah harapan setelah usaha. Dimana, kapankah, untuk apakah, dan bagaimanakah ituItu adalah hasil perjuangan teman"
Emg gk sangar seh.:v
"Kamu boleh lupa sama aku.
Tapi inget, kamu gaboleh lupa sama sholat 5 waktu mu"
ma little brother is better than yours
my favorite phone case from @pucashopsby  go buy yours!!!!
sebelum kegopohan semua ini terjadi
Wish me luck
"R.A. BAB:v (baca: Rainbow Alience Bukan Anak Biasa:v)
(-)@umilatifah_9a"
"kesedihanmu awal kesedihanku.
Bahagiamu adalah bahagiaku
-acds"
"Kau adalah keindahan yang tak bisa kunikmati -Roman-
: @daraayukusuma"
"• Obstacles don't block the path, They are the path 
#like4like #like4follow #likeforlike #likeforfollow #likemypic #likesforlikes #likes4like #likesforfollow #likephoto #followforfollow #followers #follow4follow #followme #followers #instalike #instagood"
Repost.
Iki ati duduk dulinan seng kyok tak tumpak i sayanggg
"Melewati batas wajar~
#KalianSemuaSuciAkuPenuhDosa"
"Sosialisasi untuk siswa kls 5 tentang materi bahaya narkoba dan pelecehan seksual
#bangkitgenerasimuda"
Helo zauzau
"Cpt???
.
.
.
. . Ps: delsoon!!!"
"Museum peta
.
.
.
.
.
Taken by :  lutfi anggraeni"
Terimakasih
hello semesta
"TERSENYUM bukan berarti semua masalah telah baik, tapi karena TERSENYUM  akan menjadi baik.
#fakesmile"
la la la phandom.
"(2/2)
 : ""Do you love me?""
 : ""Yes, i love you""
.
Photo by : me
With my young sister :)"
"(1/2)
Kesayangan "
Jadi apa katamu? : @kelvinbilhaqil
Ciwi strong
#sayangku.
Masih manis untuk diulang.
"Hiperaktif. .
.
.
:@devy.rosyta"
"• I want someone who cares about my feelings 
#quotes #quotesoftheday #blue #like #likephoto #likemypic #like4like 
#like4likes #like4follow #likeforlove #likes4like #likesforlikes #likesforfollow #likeforlike #likeforfollow #followme #following #follower"
"You're beautiful in all your ways .
.
.(67/365)"
semalem bobo dimana?
Sepanjang jalan kenangan
Salanghae ny buat esjom aja y karna cuman mreka yg ngasih surat cinta waktu lau patah hati (: P.s. surat cintanya ilang tapi):
"""Life is either a daring Adventure or Nothing? at all""
.
.
.
- HK -"
"Uhhh, today it's sleepy and cold prince birthday!
-
saengil chukkae hamnida, Suga!
-
wyatb
-
udah tua eaaaa
sukses terus ya abang agus, kompak sama bities
saranghae
-
#happysugaday #sugabirthday #bts #sugabts #minyoongi #minyoongiday #happybirthday #bangt"
"My paper artwork
#paperart #kirigami #kirigamisnowflake #origami"
"Cintaku nang awakmu sederes udan
Tapi awakmu gawe payung"
Jadilah penerus @rean_remedept ya 
"Aku emang gak punya sayap.
Tapi, setiap ada chat dari kamu
aku serasa bisa terbang"
multifandom trash :))
"No caption.
.
.
.
#se#smaluq#gotojogja
#ugm#ayodolan"
Look look
"Agaknya gk gena ya rek
@ftrda_ 
@dwiajeng_balqis
@safiratitta 
@_aiisya_
@fitriaanti_
#trillervideomuser #triller #trillerindonesia #trillergeneration #triller_id"
Meskipun awkmu adoh aku jek nunggu kok
"kemanapun pergi ku , kamulah pulangku, Karena tidak ada yang senyaman saat aku berada di sampingmu "
Don't downgrade your dream to match your reality. Upgrade your faith to match your destiny.
Hbddd kamu wishny udaaaa yaaa di chat
'')) terenyuh coy
Hae.
Tb :')
"Gambar nya aj dulu 
Nnti baru ke paris nya"
"Sendal jepit everywhere
.
.
.
.
.
[ps]: ga pendek ko cuma ga tinggi aja "
#feeds #feedgoals #feed #instalike #instagram #instamood #instagood #instadaily #like4like #likemypic #likephoto #like #like4like #like4follow #like4follow #likeforlike #follow4follow
ehh
dell
Hai?
Kangen chubby-ku 
udaa tirus belum?
it feels like i only go backward
Semangat kawan 
"“Daun yang jatuh tak pernah membenci angin, dia membiarkan dirinya jatuh begitu saja. Tak melawan, mengikhlaskan semuanya.
Bahwa hidup harus menerima, penerimaan yang indah. Bahwa hidup harus mengerti, pengertian yang benar. Bahwa hidup harus memahami, pe"
"#dijual AUTOart mitsubishi evo7 300rb nego,detail dm"
 Ps: dellsoon
In one day .... #streetphotography #blackwhite #actionphotograpy #goodpeople #exploresurabaya #exploresurabayacity
Believe in yourself
babe
"Arek iki spo seh?!kok moro²gk onk udan moro²nge fitnah aku ambek miranda seng nggak²!!""ngongkon maya metu teko alc,aku kro miranda gk seneng karo maya soale maya nge fans karo aliando""yo iku fitnah e!!delok'en ae lk smpek ktemon!Lk lakar awkmu gk seneng a"
Aku beruntung bisa dapetin kamu
"Happy Birthday syngkuu @mr.siregar14  
#sweetseventeen"
eomaya~~
Big boss and wolf
JanganPernahKauSia²kanWaktuIniHanyaUntukMencaciMakiOrang
"H-18
Sudah bawa santai *
*
*
#bawasantaiaja"
hi!
Saya mengerti rasanya dibuang. Sampai akhirnya saya menjadi terlalu pemilih untuk siapa yg akan diajak berjuang.
Trobek.
"Lagi suka yg miring"" "
"Pertemuan denganmu adalah takdir, menjadi temanmu adalah pilihan, tapi jatuh cinta denganmu diluar kendali saya"
"Too young Too many problems 
#feedsgoals #feeds #feed #galaxy #bedroom #likes #likephoto #likemypic #like4like #like4follow #like4likes #likes4like #likes4likes #likesforlikes #likesforfollow #followforfollow #follow4follow #instalike #instagood #instagra"
"""Through the eyes we can see the future""?????????????????
#paperfolding #paperart #paperstar #origami #colorfull #star #origamistar #colorfullstar #origamipaper #obitouchiha"
#tasty
Follow ig mantan kakak kelasFollowFollback
Nazi
Follow arek elekdifolback kok tenang aearek e lo sombongGk nge follow gk rugi
"Katakanlah sekarang bahwa kau tak bahagia!
 @cindyaisyah_b"
"Hbd tembem 
Wishnya jangan tembem tembem.cantik.ngga jones lagi.nurut ortu.banyak rejeki.sehatselalu.sukses dunia akhirat.@lascrea_anggraeni"
Thx sipit @vira_sevira250
PARANORMAL ACTIVITY
 : Zidan
Sangat anu ini. Haha
No Caption 
"H(+2)BD Cepooy
.
.
.
.
.
(-)@erika.iswardanti"
Cuman ngefeeds aja 
"Karna sesuatu yang pergi, meskipun kembali ia tak sama lagi#tasty"
Ini kitaa
"""When the flower blossoms, the bee will come,""
.
-Srikumar Rao-"
bb
"Iyaa gue tau, gue engga se asik apalagi secakep mantan lu :v"
Sipit semua y
"Lek wes ngene opo jare gusti allah ae .
.
.
.(103/365)"
throw
"Life is beautiful and brings many of opportunities  if we see with the night perspective
-
by: @rifqi_naufal_a"
Thats scared me
Akan ada saatnya engkau bahagia dgnku
"Allah SWT berfirman:
??????????????  ???????????????? ????????????????? ?????????????? ?  ?????????????? ??????????????? ????????????????  ????????????? ?  ?????????? ????????????? ?????? ???????????? ?  ?????? ??????????? ????????? ????????
""Perempuan-p"
gdmrng
"Follow anak lucu ini 
.
.
.
.
.
.
@aldava_bramoda"
And i Wanna grow old with u
Teman akhir tahun
Pagi
"Folo"""
"Life is a journey not a destination.
.
 @royyanelfahroni .
 Pantai Cemara, Banyuwangi
.
#mainkesini #explorebanyuwangi
#pesonajatim
#pesonajawatimur
#indozonetravel
#indozonetraveler
#jalanjalan"
"Kemenangan hanya bisa diperoleh dengan cara diraih. Dan meraihnya diperlukan perjuangan, pengorbanan dan doa.
.
 @izzahaann__ .
 Pantai Boom, Banyuwangi
.
#mainkesini
#explorebanyuwangi #pesonajawatimur #pesonajatim #indozonetravel #indozonetraveler
#jala"
Mau deh jd kecil lg
"Menunggu tidak masalah bagiku
Karna kau tidak akan membuatku menunggu pada akhirnya ?"
waiting for those promises fulfilled.
love my cheek.
"Mana suara nya smkn1 PST medan.moga lulus semua nya.
Amiin kan bersama"
Wait for shadow become original as you love original or false 
"Learn to quiet
.
.
.(104/365)"
April yo;)
"""He/she has a good personality. That's why everyone who met him with flowers, called Hope"" 
#origamipaper #origamiflower #origamiroses #paperfolding #paperflowers #roses #red #white #yellow #green #night"
Together With Seven Daredevil 
"• Dear phone,
Thx for being there,when i feel alone 
#iphone #iphonephotooftheday #galaxy #instagood #instagram #instalike #instamood #instadaily #likeforlike #like4like #like4follow #likeforfollow #likes4likes #likemypic #likephoto #likesforlikes #likesf"
Kewajiban !!!
"makasii semua
surprisenya berhasil
makasi uda ngasih stitch banyak
(-) @tetykrn"
"Natural
: @___nadamayesa"
Maaf jadi nunggu lama
Gembel
Pengen Dadi Avatar
Ndelok Taek
Gendut asik
"Karna dorong miyak
Ampek kelelep"
Sampek sini perjuangan miyak tu
Gini lah cari duit abg dek
Maluu bangtt
KarnaKuTakPernahBerhentiMenyayangimu
Hanya sepeda tua dan si gundul yang menemaniku saat berfoto.
"Kuy kuy ikutan opmem nya @zomb.ly
WML"
Rambut pendek
"5Semprul 
:@aqeelaadindaputri"
sama achel lagii 
#bts7w3rdga #kpopgiveaway #btsgiveaway #exogiveaway #got7giveaway
Melepas rindu. 
Sukses bareng ya rek
3-Jan
"Mintak di post in katanyaa.. 
.
.
.(91/365)"
"Belajarlah menghargai perasaan seseorang, jika kamu tak mau di lukai dikemudian hari."
"real candid
3/3"
3-Feb
"kalo sayang bilang aja, aku gamau nunda nunda.
takut km diambil sm yg kuasa"
"Jangankan nyembunyiin perasaan, orang yg bawa tempat sampah di belakang aku aja aku sembunyiin "
#latepost
Terpaksa berjalan di atas banjir2 ni
Semangat dian jebrek pasti keluar alat kita tu dari banjir
Dramatis peyelamatan alat berat
"Bantu kk  Jam tangan alexandre christie  NEW BUKAN SECOND  Ket : rosegold + kaca sapphire (anti gores)  lengkap + original masih bagus banget dijamin 
For detail + fix order contact line or WA 
Line : nurulabdulla
WA : 087751245194
Price : Rp. 1.500.000"
Ayaflu (2/2)
I Love U 
" : @tisharahmalia
#spensixmania #spensix 
#juntosganamos #1951
#spensixtillidie #forzaspensix"
Semacam makhluk jomblo kemimut yg emng imut 
"Duduk sendiri dibawah terik matahari, dengan bibir yang tersenyum lebar, bukan sebagai arti kebahagian, dengan baju kebesarannya berwarna coklat muda dan coklat tua, dengan topi hitam sebagai pelindungnya.
Ketakutanmu akan membuatmu mundur begitu pula de"
"Aku ingin jadi orang yang kamu CARI,yang kamu RINDUKAN,dan yang kamu KHAWATIRKAN."
"Yukk teman teman besok! 
.
.
.
#IndienesiaBlowUp #republikindie #TalentaIndieIndonesia #askomindo #mpointclubjakarta 
#indiekreatif #acaraindie #indiesalingsupport 
@republikindie_id @dppaskomindo"
"Tidak perlu terburu-buru. Apalagi dalam urusan perasaan. Karena jika kalo itu memang spesial, menunggu lama sekalipun itu tetap berharga.
Tidak perlu cemas apalagi takut, apalagi juga dalam urusan perasaan. Karena jika kalo itu memang sejati, kita tidak a"
#hunter2k16
kalem
"LandeB_spega...Mbuiyen!!!Kompak terus Yo rekk!'"""
hamdalah 14
Bro!
Banyak juga bole
Dont mess with me dude
"kata okti ""sumpah aku uayu yaampun:'))""
-dare okti memalukan"
"""aku iku ayu tak kandani aku iku uayuu pol"""
#follow4follow #feed #feeds #feedgoals #followme #followers #likephoto #like #like4like #likemypic #like4likes #like4follow #likeforfollow #likeforlike #instagram #instalike #instadaily #instagood #instamood
Lezat
Takperlu sempurna tapi cari orang yg membuat muh bahagi dan membuat muh berarti dari siapapun
"Temennya si bleki :v.........belom ada namanya :v
.
.
.
.
.
.
.
#spegamamusic #sovtdrink #guitar #cutomguitar #bandindie #stayONmusic #mucician #guitarist #ibanez #custom #acoustic"
#tb
Ppl favorit
FOLLOW  @c_listashop @c_listashop  @c_listashop @c_listashop @c_listashop
Faded
Aku yo aku kon yo kon
Lebih baik aku diam tak berkata apapun daripada aku berbicara GAK DIREKEN!! #mangkelbanget
Konco paling apik iku konco seng isok ngerteni keadaan e koncone
Musuhku kbeh iku
"Manusia yang paling lemah adalah orang yang tidak mampu mencari teman. Namun yang lebih lemah dari itu adalah orang yang mendapatkan banyak teman tetapi menyia-nyiakannya. .
.
.
.
(Ali bin Abi Thalib)"
dlsn?
" : @imingkarya_
.
.
.
.
.
.
.
#Music #Musician #Bass #bassist #Bassuniversity #universityofrock #lickwars #riffwars #indobassgram #rock #blues #rocknroll #live #band #rockband #indomusikgram #indonesia"
"HBD Bagas si Banci kaleng!!!
.
.
 Wish You all the best!!!"
Hbd bes seng biasane nyengetno kunci:v @firli_zka
"Habede anak ngga punya temen 
.
.
Wish you all the best, boy!!!
H+15"
"Dapat salam dari nenek kalian.
katanya ""kapan kalian gak jomblo lagi?""
Terus apa jawabanmu?"
#prayforrussia
??????????? ???????
"Tidak perlu mengode seseorang yang kita sayangi. Cukup ucapkan dalam doa. Biarkan dia mencintai kita dengan cara dia sendiri, bukan dengan cara kita yang membuat dia cinta kepada kita. Jika dia jodoh dia akan kembali "
Kita kalem :))
"Terkadang ada teman yg minta bantuan saat dia butuh doang?? udah zaman sekarang teman begitu?
•
•
•
#fuck#teman"
Tft mbk asih
"Hidup itu Cuma sekali, hidup yang dibiarkan menjadi kegagalan sangatlah sia-sia sekali. Buatlah agar hidupmu selalu penuh dengan senyuman dan kebahagiaan"
"group work with
@dewinta_f 
@anuriza_28"
dia ganteng.
"Memang, sungguh berat melepaskan seseorang yang sudah kita tempatkan sangat dalam pada diri kita. Namun sesuatu yang kamu simpan terus menerus lewat tangis pun juga tidak baik.
Walaupun sangat sulit membenci seseorang jika kita tetap peduli. :)))"
"Ramein yaaa! 
Hari ini! Minggu 26 Maret 2017.
Saksikan SATRIA AND THE MONSTER Jam 15.00 di Event Nasional di Kalijodo Skatepark.. "
"Art is lasting, and will always be remembered
#origamiflower #origami #origamidragon #kirigami #art #paperart #star #origamistar #origamianimals #paperfolding #papercut #colorfull"
Mungkin bukan waktunya buat aku ketemu kamu:')
"Makasih mas sdh ngajak lau ke disneyland 
.
.
.
Jaett :v
.
.
Iya jorgo gaada soal nya dia yg motoin ((:"
"""KAMPUNG NELAYAN"" (1/2)
diambil dari jembatan surabaya : foto dewe 
@wwim15Surabaya 
@surabaya
@surabayasnowcake
@foodysurabaya
@stonehead.coffee
@revoltindustry
#wwim15sub_kn 
#wwim15 
#banggasurabaya
#surabaya #kampungnelayan 
#surabayasnowcake
#jemba"
"WWIM 15 SURABAYA
Masih belajar kok ya  @wwim15Surabaya 
@surabaya
@surabayasnowcake
@foodysurabaya
@stonehead.coffee
@revoltindustry
#wwim15sub_kn 
#wwim15 
#banggasurabaya
#surabaya #kampungnelayan 
#surabayasnowcake
#jembatansurabaya 
#wwim15?surabaya"
"""KAMPUNG NELAYAN"" (2/2)
Berkat ibu risma walikota Surabaya.kampung nelayan didaerah kenjeran yang dulu nya terkenal dengan kotor, rusuh, kumuh, dan bau. sekarang disulap menjadi kampung yang teratur, berwarna warni, dan secara otomatis warga yang tinggal"
"??.
#tb"
Cinta itu dipertemukan karena sebuah alasan. Alasan itu bernama cinta sampai kamu menghancurkan niat tanpa alasan
"Berbeda beda kelas tetapi tetap satu jua
@adeliapuspits"
"Ketemu jodoh di gerbang sekolah 
.
.
.(85/365)"
"Kami punya prinsip bahwa semua bisa dikalahkan kecuali, tuhan dan orang tua"
??
"RocknRoll \m/ 
.
.
.
.
.
.
#guitarist #bassist #drummer #gitarisina #pickupjazz #talentedmusicians #universityofrock #indomusikgram #guitardaily #lickwars #riffwars #band #music #musician #indonesia"
"""I only dared to dream, I really don't count how many times I dream about you """
Metokek le... 
wml #tenpng3rdgw
Gatau mau buat capt apa?!
huh
Asdfghjl
Ter-
"#Repost @br_hoops with @repostapp
???
Josh Jackson is ready for the NBA  (? @pringlesus) • • •
Oh YESS!! READY HE IS.."
Dijual mouse gaming Steelseries rival 300 CSGO fade edition. Minus garansi nota pemakaian harga Rp 600.000 nego tipis Minat dm!
Last child
"happy born day
berharap kamu ga sering jailin aku lagi amiinn yaallah"
"dari orok sampe skrng
personilnya kurang satu"
"""WWIM 15 SURABAYA""
Acara Penutup Lepas Balon
Balon merah : Arek Soroboyo
Balon putih : Arek luar kota •  video by:
humas pemkot Surabaya 
See you WWIM 16
#banggasurabaya 
#Surabaya 
#areksuroboyo"
Cihuuyy
Tembem
"#Repost @sfi38solo with @repostapp
???
SFI 38 bekerjasama dengan Telkom Indonesia mengadakan lomba foto selama 5 bulan, 5 tema. 
Tema 1 “ CERIA” 
Share foto-foto terbaik kalian dan caption sesuai dengan tema dan dapatkan hadiah berupa uang tunai: 
1st pri"
"Anak adalah kebahagian bagi orang tuanya jika anak sedih orang tua akan ikut sedih juga tapi jika anak senang maka orang tua juga akan ikut senang 
#sfi38solo #sfi38ceria #indihomejtd #telkompromo
@afifnash @faisaldiasrakananda @novawdynt @ree_dwiyoto @gu"
"Tolong carikan orang tua nya
#anak ilang"
"1.
.
.
.(86/365)"
"2.
.
.
.(86/365)"
"3.
.
.
.(86/365)"
So cute
Tanpa dalil
ter-nyolaa
Yoes ero abang mnh
"Ada saat x semua hrus brubah. Termasuk diri saya sendri .
Dunia pasti berputar kug ada saat x qta duka dan ad saat x qta bahagia .tetep dalam lindungan mu ya ALLAH SWT  #menjadidirisendiri#lebihbaikkok"
"""Assalamgamers"" auto k-fear
Kalo gini lu yang gua banting bro wkowkwowkkw"
"Jaman longor mbiyen 
.
.
.(94/365)"
Just like me they long to be close to you
Ewh nangisan :'v
"AkuuuWedii diparani Janshen,William,Peter"
team. by : @mike_praga
"Gasiap,
Lebih dari 1 gaapa"
sanmareg'14
makan bang
"Paper art????????????????
#paper #paperart #origami #kirigami #origamiflower #origamianimals #snow? #snowflakes #kirigamisnowflakes #origamistar #wxyzstar"
"Bismillah aja dulu biar jadi alhamdulillah
#vscogrid #vscocamphotos #vscocam #vsco #vscogood #vscoph #vscoindonesia #instadaily"
????????
90% diisi dengan ngeliat orang mbojo
"• I hate how people don't really know you, but they judge you anyways 
#instamood #instagood #instadaily #instalike #instagram #instaquote #quotes #quotesoftheday #likeback #likemypic #like4like #like4likes #like4follow #likeforlike #likeforfollow #feed #"
Karena seorang wanita cantik belum tentu mempunyai daya tarik.
"#Repost @robyn_wawa with @repostapp
???
#Repost  @racertess2104"
Black and White 
"#Repost @dafa_precil with @repostapp
???
#ninjamodifikasi_fine 
#ninjar 
#modifikasi ninja
#racertess
#knalpotcreampie"
Ikutan juga ty '-')/ #photography
gimana kalo pake kacamata ini rek
#asumoto4
Kapan bahagia dan bersama siapa
R E L A X
Whiteslime 
Andil? Bukan dia linda :v
"c h u n k y
#indomusikgram @indomusikgram #indomusisigram @indomusisigram
@surabayavidgram #bukankeyboardist
.
.
nb : jgn lupa pake "
Singkirkan semua yang mengganggumu.
"Dalam keadaan TIDAK BAIK sekalipun,akan aku usahakan untuk selalu mendoakan yg terbaik utk mu (((:"
Demi mkn anak ini cuci piring
"Cinta pertama gak bakal bisa menjamin dia cinta terakhir kamu.
Dan orang yg sanggup bertahan dengan rasa sakit itulah secara tidak langsung hati mereka tidak pernah merasakan yg namanya rapuh
Dan buat apa kamu cari yang lain bila seseorang yang kamu suka "
Wetes... 
"Aku mencintaimu, dan itu akan menjadi selalu ku."
"correct your self , before critical Someone. 
Ps:agh fat )))'"
Buatlah masa lalu menjadi masa bodoh
Hanya Teman ku yng  bisa membuat ku tertawa.
Ehe.
Jeleknya atuhh neng
Yng serius nggk bakalan. Pergi.
halo el . . .
miss...
karena sayang saya tinggalkan
Bodyguards on duty:v
Di balik awan hujan .. matahari tetap bersinar....................................berharap baiklah.ke bahagiaan mu akan datang
Bersatu dalam tim untuk raih kemenangan 
Alhamdulillah barang nya udh nyampek
Sekilas kek mirip :v @rean_remedept @res.tu12
Jangan remehin cowok futsal yng suka main bola???... karna klo uda dandan rapi . Kelar hidup lu neng
My little brother
Cari cowo itu yg bener2 sayang sama kamu ehh typo sayang sama Allah masute 
Yang tidak ikut memang teringat kok 
"Yang terpenting adalah bahagiamu, sakitku tak perlu kau khawatirkan (:"
"Follow ya @gudangslime ,@gudangslimespamacc ,@eliapermata_sari ,kira kira berat squishy maker  kitnya  500gr ,jangan lupa order ya
#rezekigudangslime #jualsquishy #jualslime"
Dilihat sajalah:v
"• Nobody is ever too busy, If they're interested they will make time 
#like4like #likeforlike #like4follow #likeforfollow #likemypic #likephoto #like4likes #likesforlikes #likesforfollow #followforfollow #follow4follow #followers #instagram #instagood #in"
"SUKSESLAH!!! .
Karena mantanmu butuh sebuah penyesalan."
Perhatikaan lingkaran merah! 
Surabaya gelapp  .
Turu kok nk skola an??!! 
.
Kita
untuk para laki - laki dengarkan lah itu.. mau lihat video yang lain? silangkan langsung follow @yufid.tv
bae
No coment
"Huruf I iku""Istimewa""
Hehehe"
"not my friend, bcs she's my sister"
"Enak yah jadi starla
Di buatin surat cinta
Kamu kapan buatin buat aku?"
"Haha foto gagenah nii
Ps: fotonya dr atas
#dellsoon"
Kamu adalah ketidakmungkinan yang selalu aku semogakan.
"Allah tidak akan membiarkan hal buruk terjadi ke umatnyayang senantiasa taqwa ke Allah
????????
????????????????
????????????????
????????????????????????
????????????????????????
????????????????
????????????????"
Mantabb...makasih ya @ratrod_diecast barangnya ajibb
"Banyak bunga di ladang.
Hanya satu ku petik. 
Banyak cewek menghadang.
Cuma ningrum yang cantik
.
.(86/365)"
...
...
.. S.E.L.A.M.A.N.Y.A.. #sayangku
"We Try We Fight We Win
We're Back, so fear us - ROBOTIX 12
Fantastic Four still awesome. Thanks all"
Sayangtemengueh
".ojk iri bos. .
.
.wkwkwk
.
.
.
.BY:@Dharmaagungsurya"
"""Kembar ya mbak?"" Kata orang"
Loppyuu
"Santai Dulu...
.
.
.
#batu##tugas#dakwah#enjoy"
jarang olahragaa...
yeay finally
Gpp gelap yang penting foto
Habedeee adek teralay
"Ketika kamu datang dalam hidupku kamu membuatku kembali percaya dengan kata cinta, dan benar cinta masih berkuasa diatas segalanya. 
#suratcintauntukstarla
#shortmovie
#catatanfilm"
Yeah
"hidupku saat ini dan untuk selamanya dipenuhi kebahagian , jikalau kamu yang mengisi dan menyempurnakan nya "
Nakal boleh tapi bolos sekolah jangan 
Kapan meluk kamu?

"SUdah teRlAlu sulit BAgiku mengenali kotaku.
dimana aku tumbuh, besar, dan berjaya disananYA."
"Jika kau serius padaku, aku akan lebih serius padamu.
Tapi jika kau pikir hubungan ini cuma main² saja, akan ku tunjukan cara mainnya.
#justcaption"
Tersenyum bukan berati bahagia ..
"""Banggalah pada dirimu sendiri meskipun ada yang tak menyukai. Kadang mereka membenci karena mereka tak mampu menjadi seperti-mu """
Smile....
Banyak berjanji tapi tak pernah ditepati = menggali kuburan sendiri
"Cadangan dimana"""
"Orang-orang bilang jangan sekali-kali menoleh ke belakang karena itu adalah masa lalu. Tapi bagaimana jika ada kenangan indah yang tertinggal di masa lalu itu? -unkwn
.
.
Photo by : @nabilaf6"
"Terkadang aku iri melihat persahabatan mereka yang terlihat lebih sempurna, dan mengerti satu sama lain."
"Karena Kita Dirancang Untuk Sukses Bersama Bukan Hancur Bersama 
#8a"
"Kecewa dan paham"" kok "
"liburan itu nggak usah jauh jauh... Yang penting kumpul bareng temen itu sudah menjadi liburan yg seru walaupun tempat nya ndak jauh... @indieclothingexpo
@instameetsurabaya
#imsxice
#instameetsurabaya"
You are my strength but loving you is my biggest weakness.
Berbahagialah tanpa aku bukankah itu yg kamu mau. Karna aku hanyalah Benalu kebahagiaanmu saja.
write

Come back is real !!
Still like your girl
hargai sebelum pergi.
Tetap best friend selamanya amiiinnn 
Berli(a)n(na)
Ngopi seekkNjalok ta?? #luwakwhitekoffie
menang banyak asyikkk
Subhanallah tirus kali pipiku
Childhood.
Mksih buat kmaren ya beb
Toilet kok digae fto²Gk mambu ta??
Kalah dukur
#danur
????
Anti gibah gibah club. -pose ala ala model
"Independence day, 2016"
ini lucu
Focus ya!!walaupun kadang nyebelin?...stay you!
"-
Your eyes.
Your smile.
Your voice.
Your laugh.
Your warmth.
Your existence.
Just you.
Make me happy.
Thank you for always beside me when i'm sad.
My Crazy Best Friend:)"
yaini baru sahabat
she was more like a beauty queen from a movie scene
#landscape #sunset #surabaya #instagood #instadaily #instagram #instalike #like4like #like4likes #like4follow #likes4like #likesforfollow #likes4like #likesforlikes #likemypic #followers #follow4follow #followforfollow #feed #feeds
Mendung tak berarti hujan. Sedih tak berarti tangis.
bolo y bolo
"Orang yang selalu membenci diri kita, terkadang adalah mereka yang ingin menjadi kita"
Asiquee
Subhanallah
yolo!
Besok!!! Ayo ramaikan bro and sistt 
partner alay
Wah uda bulan april aja :v HEHE  :v
Karena kita merupakan seni indah yang Tuhan ciptakan...
"Every time I rise up , I Have confident tEveryhat Im going to make it - Stephen Curry"
Bodyguard
"Iki munggah ku.. .
.
.(99/365)"
"Aku pernah cinta pada orang yang membuat rasa cinta itu jadi benci. Jadi aku mohon sama kamu, tolong jangan buat aku jadi pengecut untuk yang kedua kalinya."
Mulut Kita Kadang Memberikan Kejutan!!
"cutie piess
jangan mbatin ya fotonya banyak hehe"
"Lek kon nggolek arek seng sogeh cekelane mobil, dompet e tebel sepurane aku mundur 
Lek kon nggolek arek seng pinter ngaji bendino sholat mundurku malah adoh. "
"Akan ada saatnya dimana aku benar-2 lelah, dan memilih utk mundur"
Dear Nathan
"
.
.
.
.
.
.
.
.
.
.
.
.
.
Semoga ketemu lg di SMA lagi "
Nyatok rambut sekk:v
"Hei masa lalu, aku rindu. bisa kita bertemu dan menghabiskan waktu seperti dahulu?"
Destaaaaaaaaaaaaaaaaaaaaa
Iya tau kalo aku kalem
Konco ter-
Aku gaerroo
Jenegku spo yo aku kok lali?? 
"Bohong itu gak boleh keseringan, nanti malah jadi lupa jujur.
#lfl #fff"
"Inginkan ngosplay 
.
.
.
.
.
Repost teros, sampe sukses :v
See ya, nee-chan "
hepi bertde mutbuster?!(h+1)
"""Oh kasihku, kau membuat cinta, jatuh dr mata dan turun ke hati, tawamu buat aku tersenyum lagi""
"
Sd
Femes ketulung konco ae kemalan mbk!@uwongmoto2
"Berhubung sebentar lagi ujian nasional, saya meminta maaf apabila melakukan kesalahan baik perkataan atau perbuatan yang pernah saya lakukan?
Sukses Ujian Nasional & Tembus Smafav ya semua"
cewek cantik tanpa pensil alis
"our chains stretch a little sometimes, but we never break"
Penenang untuk hari ini
Tementer
"lo nangis karna cowo seperti dia?angkat kepalamu princess,nanti mahkotamu jatuh"
Osis lama× baru
Aku hanya berharap bahwa aku lah orang yng bisa membuat mu berhenti untk mencari yng lain
"Tidak ada yg lebih mesra dari meletakkan cinta diatas sajadah doa. 
#akumencintaimudalamdiam#lembar59#penakecil_id#karnajatuhcinta#bukanlahsebuahrencana"
"Selamat sibuk menyenangkan diri sendiri. Karena ketika sibuk menyenangkan orang lain, seringnya dia yang gak tau diri. 
#lfl #fff"
Like a family 
Pejuang smafav yo mak 
Penyelamatan alat yg deramatis
Oprator nya kurang nekat takut kali alat nya tenggelam
"Watashi wa kankei no mokuhy? o motteinai ga, watashi wa y?jin ga tsuneni soko ni iru"
"Berhenti menutup mata
Mulailah berbagi rasa"
"Susah seneng diem2an udah pernah sama bocah ini. Tiap pagi siang bahkan malem ketemu nya bocah ini. Dari SD, SMP sampe SMA pun sama bocah ini. Alhamdulillah bocah nya ngga ngebosenin  selalu cocok kalo diajak curhat. Selalu bikin ketawa padahal suasana ha"
"Pemandangannya buat aku,  bunganya buat kamu.
•
•
•
•"
?????
"Cinta itu bukanlah seperti daun yang bisa gugur dan jatuh begitu saja,sebelum dia gugur dia adalah daun yang mempunyai arti penting,disaat dia gugur,dia diinjak,ingatlah daun yang indah.disaat daun itu gugur,bukan berarti daun gugur itu tak punya arti lag"
"• Save ur heart for someone who cares 
#like4like #likeforlike #like4follow #likeforfollow #likeback #likemypic #likephoto #likesforlikes #likesforfollow #likes #likes4like #likes4likes #followforfollow #follow4follow #followers #instamood #instagram #ins"
"Tak pisui opo meso dewe? .
.
.(100/365)"
"#Repost @inulelek_006 with @repostapp
???
Di gas ae lor  pnting gk bleyer ngkok baper 
.
.
.
#racertess2104#pasuruankekinian"
"Hbd ipit, H+7 yah "
"#Repost @pohonggoreng with @repostapp
???
rasah kakean uyek 
#likeforlikealways#lfl#pohonggoreng#"
"Ragamu tak lagi ada, tapi tidak dengan cerita kita."
10 taun bosen kzl bt.
foto sm mario
Aku kangen dikangenin kamu waktu kamu ngangenin aku saat aku kangen kamu.
Jangan ada sianida diantara kita 
oke siap unbk ya sist
Lasttt
"Muka control ra @aurajasminee_ 
@8.dangeroussss"
By: @alfone
Bahasamu mbk medeni keleekkk
Fokusnya ke ellak aja ya 
aku tau aku menawan:'v
"#Repost @republikindie_id with @repostapp
???
Jangan lupa dengan acara yang satu ini. Mari hadiri dan saksikan performa para talenta potensial di acara... "" INDOMUSICALLY ""
Indie Bands Best Performance 
Senin, 3 April 2017
Start from : 19:00 - 22:30 WIB
L"
because this is a real friendship
"Semoga, doa menjadi tempat yg tenang. Untuk Rindu-ku yg teramat panjang--"""
mbo gatau.
"""Ma Squdd"""
"ubahlah luka ini menjadi debu, dan biarkan angin membawanya ke tempat yang jauh.
.
.
Photo by : @nabilaf6"
Pecinta Indo
"Andai pake ios hehe,pusing dibuatnya wkwk
#muser_surabaya_ #muser_surabaya #skiorityom1 #skteamandro #skiority #musergeneration #muserid #musers @muser_surabaya_ @andikahonda18 @cindyteddyy @skiority #transisiidom3 #transisiid @transisi.id @muserteam.id #"
"Kuy kuy ikutan opmem nya @skiority 
Alesan ikut: pengen jadi next generation muser,biar bisa kenal banyak muser hehe,biar tau gimana mc lebih dalam"
Gk ados ae ws ayu ndanio ados
"Siap kapten !!!
Picture by: @dahlan.ajp"
"Hidup mah jangan dibikin rumit, gausah ngurusin hidup orang aja insya Allah barokah hidupnya"
Foto bareng ??...
not perfect!!!
"semoga bisa ke mekkah dengan orang yang kita cintai 
Aamiin"
"semoga bisa ke mekkah dengan orang yang kita cintai 
Aamiin"
"semoga bisa ke mekkah dengan orang yang kita cintai 
Aamiin"
"semoga bisa ke mekkah dengan orang yang kita cintai 
Aamiin"
"semoga bisa ke mekkah dengan orang yang kita cintai 
Aamiin"
"semoga bisa ke mekkah dengan orang yang kita cintai 
Aamiin"
"semoga bisa ke mekkah dengan orang yang kita cintai 
Aamiin"
"semoga bisa ke mekkah dengan orang yang kita cintai 
Aamiin"
"semoga bisa ke mekkah dengan orang yang kita cintai 
Aamiin"
"Saat kita tertawa, hanya kitalah yang tahu persis apakah tawa itu bahagia atau tidak. Boleh jadi kita sedang tertawa dalam kesedihan. Orang lain hanya melihat wajah. Saat menangis pun sama, hanya kita yang tahu persis apakah tangis itu sedih atau tidak. B"
#tomyhilfiger #tomyjeans #votepassed
#gucci 1$:D
"3 bulan ya res mau sebanyak apapun aku punya temen cewe / sahabat cewe tapi aku tau ko hati aku untuk siapa dan harus pulang kesiapa tetep kamu prioritas aku , iya kamu"
Ingin tau siapa pelaku sebenarnya dalam permainan ini?!
fullteam heh [3/3]
uri Bangtan [2/3]
"ARMY's happy family, ??? [1/3]
.
sorry for spamming"
2010 and still counting
"Jarak boleh terpisah, tapi kebersamaan tetap terjaga"
"Sekian lama vakum akhirnya kembali juga
See you transisi tour sby
TeamID vs TeamPH
@muser.generation #musergeneration #musermusicallyindo #teamid #transitionphvsid @musercollection #musercollaboration #musercollection @muser_surabaya_ #muser_surabaya_ #mu"
Difotoin @maritzarsd
"Finally
Final Exam ?"
Jaket muslimah yang tertutup dari kepala sampai lutut
"ternyata kon isok netes rin
hbddd bruhh"
"Bisa foto ini aja udah nikmat Allahyaa biarpun sendirian
Ps: single harus bersyukur "
Pengen Ndelok Masa Depan Malah Ketutupan Awan FeelsBadMan
THIS IS US!
Hbd hbd?
"Kesenangan itu mudah...
By. @vanissafarhania 
Cam by. @elmiraazalia .
.
.
Abaikan wajah"
Tau ah captionnya apaa 
"With You, Everything Is Perfect"
Happy Little Family
#antimbuletmbuletclub
Yakinlah hari esok adalah kemenangan karena pemenang selalu didepan
"Senyumin aja...^_^
#aslisuroboyo 
#kenjeranparksurabaya"
"Dari hasil keputrian kemaren, dapet quotes dan aku pikir itu bener ngena. ""LEBIH BAIK KAMU MENCINTAI ORANG YANG KAMU NIKAHI, BUKAN MENIKAHI ORANG YANG KAMU CINTAI"". Jadi intinya gaboleh pacaran. ((: Gitu ceritanya guys"
Jangan tanyakan kenapa aku sekarang tidak segera memilih lelaki untuk singgah dihidupku lagi. Karna aku bukan wanita yg mudah memilih siapa yg lebih pantas ku perjuangkan lagi. Bukankah cinta seharusnya saling berjuang? Tidak hanya salah satu darinya. Aku
Sok cantik sok sekseeh 
You are the most dear person in my life 
Kita baik sama orang tapi ngga dibaikin  balik? Ada. Xixi
.
Mreka ber5 foto sm peternak kudaponi (:
"Padahal udah berusaha keras biar senyumannya manis, eh tapi kok masih manisan omongan palsu kamu ya 
2/3"
"Benci sama orang jangan diumbar umbar, tiba tiba butuh kan gak lucu 
1/3"
"Ini muka apa gorengan, kok berminyak 
3/3"
"menjadi tua itu pasti, menjadi dewasa itu pilihan.
: @taufikks7"
2
"Foto ini menggambarkan Tentara Merah dan Tentara Amerika yang berpose bersama.
Momen ini diabadikan pada April 1945, lokasi tidak diketahui.
Beberapa tahun kemudian,Uni-Sovyet dan Amerika (Blok Timur dan Blok Barat) berperang.
#victoryday"
"Jangan lupa liat film saya, despicable me 3
30 Juni 2017 :v
.
.
By @rafa_holic"
"Jika hidupmu tak seindah anganmu, maka cukup ukir satu kenangan agar orang bisa mengenangmu dalam benak mereka bahkan angan mereka
.
.
.
.
.
.
.
.
Karena waktu bisa merenggutmu kapan saja(:
*udah keliatan bahagia belom? :v
: @rafa_holic"
tenggelam
"kecapaian
.
.
."
@leahendrastoo @kiranadyanty @charistika
"Pengangkut sampah.
@indomaret @nikonindonesia 
#indomaret #nikon_indomaret2017"
"10 November 2k16
-
-
-
#flashbacks#semangat#seperjuangan
@landeb_spega"
@charistika @aldel.a @leahendrastoo
-
"Hold my hand , and never let go ((("""
seseorang yg penuh tawa biasanya paling pandai menyimpan luka
"Calon"" ibu rumah tangga  @gamanur.gn"
"Terimakasih yang pernah mengisi
Yang ada di relung hati 
Dengan tawa dan tangis
Menghiasi 5 tahun ini
Namun
Hati ini juga bisa terluka
Saat hati ini tak bisa tahan
Kemesraanmu dengan dia
Cemburu? Iya
Sakit? Sangat
Aku? Menahan rasa
Rasa takut untuk kau "
"Pembodohan gapake rage:v
.
.
Delsunkok"
"HBD EL
Cieee 15thn
Semogaaa tambahh pinterr,lemu,cantik,gk mageran pokok e +++
Smafavv barengg
(Pict terakhir hanya pemanis)."
Miracles happen everyday #lateposts
"The jokers ???? 
Code name :  #GJ#kuker#justforfun#abaikanygbelakang#"
Too many selfies 
"Barisan para kacamata :v
#ygbelakangbutuhbelaian:v"
"My beloved person #4 
Douglas MacArthur
Julukan= Gaijin Shogun,Dugout Doug,Big Chief.
Peristiwa bersejarah yang paling ane kenal=
ketika Filipina diserang Jepang, presiden F.D Roosevelt menariknya ke Australia karena khawatir bahwa jenderal yang mengenal"
"HBD EL
Ciee tambah tua:v
Pipinya jgn nambah gede ya el,jgn galau trs,smafav bareng,nilai UN nya bagus,Pokoknya Wish You All The Best"
intinyaa dia kesayangan
"follow @rafsnjanii , yang lama unfoll aja"
#like4like #like4follow #likeforlike #likeforfollow #likemypic #likes4likes #likesforfollow #likes4like #likes4follow #likeback #follow4follow #followersmurah #followforfollow #instagood #instalike #instadaily #instagram #instamood #instapicture #black #c
Dewasa ini sudah jadi hal lumrah ketika kita melihat perempuan bekerja pada sektor – sektor kenegaraan. Banyak pula perempuan metropolis yang sudah mendominasi areal perkantoran. Mengecap profesi yang setara dengan laki-laki. Kesetaraan gender telah membu
2-Feb
1-Feb
"Mimpi Adalah Kekuatan
Mimpi bukanlah bunga tidur
Yang selalu hadir pada seseorang pemalas
Mimpi bukanlah khayalan seseorang pelamun
Mimpi juga bukan sekedar imajinasi
Fiktif dari seorang pengarang
Tetapi mimpi adalah sebuah kekuatan!
Bangun,dan wujudkan"
Bawel itu tandanya sayang.jadi kalo gakmau dibawelin ya berarti gak mau disayang :v
sukses terus y rek y
"Assalamualaikum,, *""Malam Nisyfu Sya'ban Insya Allah jatuh pada hari Kamis Tgl 11 Mei 2017 malam jum'at pahing (ditutupnya buku amalan kita dlm setahun).
->Jadi Sebelum terlambat Saya & keluarga meminta maaf kalau ada salah baik disengaja atau yang tidak."
8tahun.
eh ada mantan
"Nicky tirta - indah cintaku
Maafin suara sama gitar nya amatiran"
"Maafkan aku yang sering typo kawan .
yang merasa selalu liat aku typo koment ya.."
"Isro mi'roj
#camly#captions#anakbaikbaik"
hai ujian nasional
"percayalah kamu itu manis, tanpa pemanis buatan"
"2minggu lagi unbk .. 2minggu lagi unbk haha unbk haha unbk
2minggu lagi haha "
"""Confidence ... That's better than any other plan""?
#origamipaper #origami #paperfolding #paperart #colorfull #origamispiral"
"yuk dipolo akun dakwahku jangan lupa diamalkan! 
Jazakummullahu Khaira"
Lamborghini Huracan
Nesa?
H-50
Beach
"Wong biasa macak pecinta alam yo Iki 
#kusam"
"Kamu cepet sembuh yuupps, aku ga betah berangkat pulang sekolah sendirian "
Miss INDAH 
"aku,kamu dan dia lalu Marsha and the bear siapakah Pak Tono?"
Ajak aku bahagia sampai aku lupa bahwa aku pernah terluka')
"Hidup itu pilihan, klo gk bisa milih mending gk usah hidup. "
Karena Cinta Tak Bisa Disalahkan
delsoon.
"Nunggu aj
.
.
.
.
.
.
.
.
.
.
2 taun itu gak lama #mp"
"Bodo amat apa yang mereka katakan yang penting melangkah kedepan, bener ga?? Bener dong"
"Jangan menjelaskan tentang dirimu kepada siapapun, karna yg menyukaimu tidak butuh itu dan yg membencimupun tidak percaya itu~
#masasma #anaksekolahan #sman7kabtangerang 
#lfl #fff"
"Alhamdulillah walaupun gak mirip susah wajahnya..
Gimana ???
Tapi tetep ganteng kok
Hahhahahaha
.
.
.
Repost ijin dulu ya (haha)"
"WARNING!!! bacaan ini sangat panjang,kalo tidak mau membaca lebih baik lanjutin scroll kebawah.
Basicnya gini klo Indonesia tergabung dalam PD 3.
1.Indo bakal ikut blok Murika, NATO Dll(intinya barat), karna Investasi Murikaa dan kerjasama dengan Indo b"
"Selamat pagi, aku selalu menyukai pagi. Dimana harapan dan janji yang baru akan segera muncul."
Pada akhirnya hatilah yg akan menyentuh hati dan ketulusan adalah kuncinya
"Kamu pinter ngaji.rajin sholat.pinter masak dan jujur.akuh siap jadi pedamping setia muh
Eeeeeeaaaa
#hrd"
"Travel across the land
280 KM, 10 hours ride, payoff, thanks bro for pick my ride
Yogyakarta, 2017"
"Fokus batok + lapangan!
 Lapangan Mulyorejo."
"- I want YNWA and Wings album, can I get it?:')
.
- Kim Taehyung is my ultimate bias
.
- I'm from Indonesia??^?^)?
.
#bts7bngtn1stga #btsgiveaway #kpopgiveaway
.
note: I hope I can win:"")"
SHD
" .
.
.
.
.
.
.
.
Semangat h-7,8"
"FOR SALE!!!
Vans Off The Wall SK8-Hi (Canvas) Grape Leaf 100% original.
.
Size 10 US, 43 Eur, 28.0 Cm.
.
Price IDR 600K.
.
Barang 95% mulus no cacat , 100% original vans , include box , barang bersih baru dicuci , minat serius dm, siap CoD daerah surabaya"
SHD
Berangkat sendiri lagi 
"Sanha =Me, Moonbin=@keyliya89"
 Sehun
15 tahun dan saya [tetap] lucu . sekian :v
"“Tak tampan tak jadi soal, karena pria
memimpin bukan dengan ketampanan tapi
dengan tanggung jawab dan kebijaksanaan.”"
Aku melakukan apa yang menjadi peranku.  @yunidian38
Membunuh komunis di Indonesia adalah legal
"Happybesdey ais
Moga panjang umur.sehat selalu.tambah pintar.tambah cantik.tambah tinggi.nurut ortu.banyak rejeki.sukses dunia akhirat"
Something i really want........
"Ayo ayo ayo
Di jual di jual dijual !!!
Ehhhh maksudnya DI FOLLOW guys.
*Orangnya baik soale kate unas
*Ganteng loh banyak mantan uwk
* percayalah itu yang di avanya bukan dia kok kalo gak percaya dan penasaran
MONGGO DI BUKA @adytiaaryatama"
yeii
"?????, Bangtan
-
#wingtourina 
#wingstourinindonesia 
#wingstourinjakarta 
#bts"
"The reason I became an ARMY it all started from my friends who sees me their music video.
-
From there, I was amazed with their handsome face and I always say ""SO HANDSOME, OMG."" Again and again.
.
Finally, I want to know all about them. Then, I search al"
14?
Oh pink
Tempat favoritku adalah di dalam pelukanmu
"#dijual
Wits 1/43 Nissan GT-R Spec V (resin) 600rb free ongkir jawa
Kondisi mulus
Detail dm"
"Terpisahkan oleh lemari besi
.
.
.
D-12 Final Exam
???"
"bila ia tersenyum karenamu, berarti ia tertarik.
bila ia menangis karenamu, berarti ia serius. - unkwn"


"#hunniekookie1stgiveaway
#kpopgiveaway
.
p.s maafkan daku krn nyepam, ku bosan:("
.....
Happy birthday my lil'sister smoga rambutnya cepet tumbuh
"okay I will post it again
-
I'm so sorry really:')
-
The reason I became an ARMY it all started from my friends who sees me their music video.
-
From there, I was amazed with their handsome face and I always say ""SO HANDSOME, OMG."" Again and again.
.
Fina"
Hai Stalker
"Sorry again and again
-
 I want YNWA albums, really
-
#toriandcecil2ndgiveaway 
#kpopgiveaway 
#btsgiveaway
-
@park_tori_"
lies
"I don't know, how much time is left for me 
#follow4follow #followers #followforfollow #followersmurah #following #feed #feeds #feedgoals #instamood #instalike #instagram #instagood #instadaily #instaquote #quotes #quotesoftheday #likes #likephoto #likemy"
"My face!
Kenjeran art..
Kuker"
Semua untuk satu 
??????? ????????))
"hallo para calon pengurus ibu kartini, kami para laki - laki siap mendampingi mu.. 
Cukup hari ini aja Ibu Kartini
Besok ibu kita besanaN
#kodekeras
#pilihkamijadiimammu
#kartiniday"
Selamat ulang tahun Ibu Kartini
"Happy kartini's day 
#kartiniday #wanitatangguh #kebayamasakinihits #merahputih 
#lfl #fff"
Hari Kartini
"Asikin aja 
#kartiniday"
syg
"kita teman ya tong ya!!!
.
. ketepak'an klambine podo!!!
. 1/3"
satu lagi! ini spesial!!! 
The tough girl 
"Hari kartini.
.
.
.
.
.
.
#harikartini#21april#surabaya#indonesia#teman#semua#kita#7h#smpn#30#instagram#instapost#instalike#delsoon"
"Yok gaes di follow ya ig @astor_official 
Mana nih suaranya ghs,thortroops,sasquad,ateam"
Lomba menghias tumpeng
Tadi malam di @intljazzday @icanstudiolive #InternationalJazzDay #ICanStudioLive
Lomba menghias tumpeng
gk perlu mbois yo lur
Kalem pas kartini aja blyk
Kami muda dan berbahaya 
Jangan membenciku jika kalian belum bisa melebihi ku
The Genk 
"ketua kelas  paling garang,bawel,dan gemezzinn .
.
:shalsee
:memeshh yuyun
.
.
But,you is the best and smart
#kartinidays"
(((kalem sehari)))
selamat hari kartini teman teman!! semoga sukses unbk
DAB!!
 is in the air
Happy Kartini Days 
Beauty Princess Ailsa 
"Tak apa sekarang aku terluka. Karna aku yakin akan datangnya pagi, aku tersenyum lagi."
119/365
"Halo para calon penerus ibu kartini
ingatlah bahwa kau tidak bisa berjuang sendirian, kau butuh sosok laki-laki yg bisa memimpin mu dan kami disini para laki laki siap menjadi Imam mu dimasa depan
#kodekeras 
#kartiniday"
"ingatlah foto ini ketika kalian udah sukses semua rek
#ojoklalikonco
#unas
#nojaim"
"you make me so happy, so don't leave
.
(-) @bellasevian_"
"Aku sudah berusaha untuk memberikan yang terbaik semampuku. Menjadi seorang penyabar sekuat ku bisa. Berfikir positif tentang semua yang sebenarnya membuatku tak tenang :"" Jika ini hasil dari apa yang telah ku perjuangkan selama ini, hingga ku temukan lel"
Kartini muda
?
Sukses un!!
2k17 ????
Aku harus ngingetin kamu berapa kali sih? kapan kamu mau SADAR DIRI! Makin gaje ajaa -_-
Pingwinn ku cayang @krshnti
Pasukan kehausan
"Cuman anak kelas 9 esempe yang otw jadi anak sma ehe(:
*apasi"
Takiss un
LUL
"ya emang aku baru kenal mereka setaun ajatapi ga rela juga rasanya kalo bentar lagi mau pisahsukses terus yaa, jangan lupa teman"
"Teruslah bermimpi, teruslah bermimpi, bermimpilah selama engkau masih dapat bermimpi!
-ibu kita Kartini-
.
Habis gelap terbitlah terang
.
Event trkhr? Lah trs purnawiyata mbok sebut opo? Kondangan?"
Ter- 
Ya begitulah..
"Tetap tersenyum dalam keadaan apapun 
""Mas Angga"""
"Banyak hal yang bisa menjatuhkanmu. Tapi satu-satunya hal yang bisa menjatuhkanmu adalah sikapmu sendiri. Karena kecantikan dan kehormatan wanita tidak hanya ada pada parasnya, melainkan pada sikapnya. Selamat Hari Kartini"
"See you guys
#kartiniday"
sukses UNBK ya ini semuanyaa amiinnn
Ragamu mungkin sudah tak terlihat. Tetapi karya dan jasamu tetap terkenang sepanjang abad. Selamat Hari Kartini
"No money 
#dab"
you're my only #kartinidays #harikartini2017
Repostmalem2
"Terbanglah tinggi kau di angkasa
#1927"
Mbamble (ga fullteam)
"For You  .
@adeliapuspits"
hola sayang 
?
You're weird but me too
"""Lebih indah dari pelangi, lebih indah dari bintang dilangit , lebih indah dari bunga di taman oh Yesusku""
.
Iya tau yg menang juara 3 "
"dulu kalo kita mau foto tinggal teriak 'he rek ayo foto' kalo sekarang harus nyamperin ke kelasnya satu-2, sukses bareng ya guys masuk smafav bareng, sayang kalian"
"Cak nya ganteng""
Apalagi ning nya,walopun ga cantik, yang penting punya etika yang baik
Ps:kok aku pendek yo?
#wasek"
kalem yang gagal
berbagi kecantikan:)
"Lakukan apa yang kau sukai, bukan hanya yang orang lain sukai.
#LatePost #KartiniDays"
Catch me if you want 
FOKUS UN WOEE
"Jaman sekarang wanita lebih suka berada diatas daripada dibawah
#emansipasiwanita"
"Kartini day's 
.
.
.
.
.
.
.
.
.
h+1"
"Hidup ini mencari makna
.
.
.(120/365)"
Blupup
"#TeamYamaha .
Ah sudahlah, apa yg mereka lihat kita hanyalah teman biasa. Tapi bagi kita, kita adalah sahabat sejati.
.
#yamahaindonesia #yamahafriends #mt25 #mt25indonesia #yzfr15 #r15indonesia #vixion #vixionindonesia
#satuaspal #gilatouring #gallerybik"
"ice cream can't break your heart
- okti"
"Geser yang terakhir itu yang di harapkan.
Yang pertama belum tentu yang termudah.
Seorang pramuka boleh mengekspresikan apa yang ia lakukan.
#pramukauptade 
#pramukaindonesia
#pramuka
#pramukabolehberekspresi"
"Bosen pacaran, putus mulu ajg."
"Kita mungkin tak bisa merubah dunia,
Tapi bukan berarti..
Dunia bisa merubah kita 
.
.
.
.
.
.
.
Habis gelap terbitlah terang,
Tapi bukan berarti..
Habis terang terbitlah gelap:'V
#del @smpn29sby @galantiz.prod"
"Jangan terlalu berlebihan karena berlebihan itu gabaik 
.
.
.
Selamat UNBK kawan kawanku"
Gatau tempat.
"Mari Makan!!
.
.
.
Selamat H(+1)ari kartini"
No comment
"#framepixel
Music : Illenium - Fractures"
"Jangan terus melihat ke atas, sesekali lihat lah kebawah agar kita bisa bersyukur.
: @haitis06"
"Katanya yang ditengah,yang paling sibuk
Sayang kalian
H-2,ya?"
Calm
"• Everybody reads a different story in the same book 
#quotesoftheday #quotes #instapicture #instaquote #instagram #instamood #instalike  #instadaily #likes #like4like #likemypic #likephoto #likes4like #likes4likes #likesforlikes #likesforfollow #like4lik"
After the ceremony is changed simply
Because I will run as far as possible 
Belajar lebih dewasa. Belajar lebih menghargai. Belajar lebih mensyukuri apa yang dimiliki. :)
No caption!
Two year's with you
Selamat hari minggu buat kamu yang masi suka nunggu
aku emg arek omah an tp lak karo konco aku arek genden :v
"Halan"" ...
#longweekend"
Karena bertahan di antara ke tidak pastian adalah ke bodohan 
"Seketika hubungan ini membaik,aku rasa itu cukup. 
Inginkan lebih baik dari ini
Yang diharapkan dari 1 bintang,yang berbeda dari berjuta bintang yang lainnya"
"Terkadang, kesulitan harus kamu rasakan terlebih dulu sebelum kebahagiaan yang sempurna datang kepadamu
 : @sarasfaln"
alhamdulillah 14y.o.
"Seenggaknya kita perlu jadi cewek meskipun cuma se'HARI' :'V
.
.
.
.
.
.
.
.
.
.
(-)@alvionitakarina"
Seneng banget bisa baca buku kak prilly
"Tolong ya kalo foto"" "
"Balas dendam adalah rasa malas menghadapi rasa duka.
#repost"
"Cewek Paling Kuat, ya Kita Ini!! #openendorse"
"Tree Photograph
ISO 100, 1/60, f6.0 with Canon EOS M3"
"Rumah kita sendiri...
1. Fokus wajah @dapedr 
2. Fokus sama rumah kita ya, minta bantuan untuk perbaikkan rumah
3. Fokus sama pojok jendela ada apa ...."
"HAPPY BIRTHDAY TOO YOUU MY FRIEND
HAPPY MILAD
selamat ulang tahun irma ucapkan, doakan ( ciee tak nyanyikno jarang aku nyanyikno wong biasa suara mahal, tak belani lur melekan, mene jek unas bahasa inggris )
.
Jangan seneng kalo diucapin HBD ya karna, dis"
"Percaya apa gak.kalok akuh bisa buat kamu bahagia.
Iya kamu lo
Kamuuuu"
Kesayangan ayah @panjoelmumetndase  sama bunda @greciasetiawan 
Day
Bahagia itu gk harus sma pacar
Wah sudah lama tak jumpa 
"Kalau kamu nyarik anak yang rajin dikelas apa dayaku yang bolos di perpus.. 
.
.
.(111/365)"
New
"selingkuh? selingkuh itu gampang, kenapa ga nyoba sesuatu yg lebih menantang kayak setia?"
selamat pagi
?????? ???((0((
"Gabut
.
.
.
Ps: abaikan bajunya (frozen)"
Bismillah.
Sekumpulan orang yang ingin meraih impian.
Girls squad
"04.40 PM
Clouds 
D-8 Final Exam"
Girls squad
Girls squad
".....
#subiesquad"
weeee akhiree rek fultim
"• No Captions 
#feedgoals #feeds #feed #galaxy #donuts #likes #likephoto #likemypic #like4like #like4likes #likeforfollow #like4follow #likes4like #likes4likes #likesforlikes #likesforfollow #likes4follow #followers #follow4follow #followforfollow #instal"
alhamdulillah...
"Kpn pean petikan bunga bt aq sayank..
Kug aq petik sndri bunga x ."
"-
I've been thingking about clawing my way back to the beginning when you and I met and nothing happened.
-
There was no lightning or rose petals to mark the occasion, it was just another day and another serendipity.
-
I've been thingking about going back"
Happy monday
Bibir itu sengaja diletakkan didepan biar kamu nggak ngomong dari belakang 
When you so happy with your moodbooster   
"Big thnks (especially @ayuputrisari_ @annisa_azharr)
First time "
Teko woco
Gangup
".Dimulai dari pramuka
.PRAMUKA
1 kata 7 huruf berjuta makna ( ea)
.Disini saya berubah menjadi orang yang berpotensi.
.Saya yang dulu berfikir apa itu kegiatan pramuka berpanas - panasan, berkotor - kotoran, bernyanyi - nyanyi, membuat berbagai variasi da"
Trouble squad
"-
There's a boy who hold the heavens in his eyes, and the stars dance around his head like a halo, sending a gentle light cascading over the golden skin. He's the moon and I'm the ocean tide, endlessly drawn to him, thought it can't be told for certain ex"
Fullteam  Trouble Squad
This too will pass.
?????)0)0))

????????????????????
Masih tinggian mereka berdua kok ya. . .
"#Repost @indomaret with @repostapp
???
Ikuti LOMBA FOTO INDOMARET INSTAGRAM 2017 dengan tema ""Street Photography"" ""Street Photography"" : Foto yang menggambarkan aktivitas obyek bisa manusia atau obyek lainnya yang direkam secara spontan di area publik sep"
Mai luv
"Berangkat mencari nafkah.
@indomaret @nikonindonesia 
#indomaret #nikon_indomaret2017"
"hati-hati teman, hehe"
Bosan foto berdua 
Bahagia itu sederhana kok 
Calon penginjak DBL arena
"Intinya, aku sedang bahagia."
Jangan pergi dari cintaku kau harus tetap dengan ku Biar semua tau dirimu memang punyaku
To me solitude is something that is common
?
Sayang kalian (1/3)
Sayang kalian (2/3)
"Sayang kalian (3/3)
maafkan diriku yg spam"
"Sorry ye bang gue ucapin sekarang hehe, di korea kan uda hampir beaok tu kan hehe, walopun besok haul law, aing ucapin sekarang di tunggu reward nya ahzeqq
@baekhyunee_exo"
"Jomblo? Bodo amat. Yang taken aja belum tentu bahagia. Wkw--"" "
"Jadilah diri sendiri, jangan mau jadi apa yang diinginkan orang lain.
#asligubeng"
H-3 IPA 
"Masih ingat ya?
Suasana Diklat BRIPASGA,
Dmn semua saling terbuka,kerja sama,dll
-
-
-
-
#maaf_yang_gk_ke_tag #terussemangat"
"Manisnya tebu tak semanis cinta 
.
.
.(113/365)"
"Pribadiku itu urusanku, hina atau tidak itu mereka yang melihat. Terkadang seekor anjing hanya tau menggonggong, namun tak paham dengan apa yang sedang mereka ributkan.
Kau anggap aku kotor? Mari kita lihat sebersih apa dirimu:)"
"Tak apa kamu berbohong kepada ku. Tapi jangan kepada wanita yang selain aku, hargailah dia. Bagaimana pun bahagia seorang perempuan adalah ketika lelaki yang disayangi nya jujur kepada nya :"") biarlah semua ini hanya aku yang merasakannya, tak perlu kau r"
Srisukun
"Siap tak siap kau harus siap. Sebab hidup itu tak selalu seenak jalan yang beraspal.
.
 @iszeta .
 Kenpark, Surabaya .
.
#satuaspal #yamaha #yamahar15 #yzf15 #r15indonesia #r15indonesiaofficial #r15indonesiaoffc #indo150 #indo150cup #sportbikeindonesia #s"
bismillah 16 y.o.
xilau
Teruslah berusaha hingga cacian menjadi tepuk tangan#tasty
"Kami bukan yang terhebat
Kami juga bukan orang terpandang
Kami pun tak mau jabatan tinggi
Kami pun bukanlah orang yang selalu benar.. Tapi,kami adalah orang yang beda dari yang laen
Kami punya keunikan tersendiri,bukan orang yg memiliki hobi mahal
Kami me"
Pundak terkokoh-kuu 
"Puput Indira Larasati 
8f-32"
"""Dalam hidup ini yang terpenting bukanlah kemenangan melainkan kerja keras.  Yang paling utama bukanlah menakhlukan melainkan berjuang sekuat tenaga"""
HAPPY BIRTHDAY YE AANG BAEKHYUN *jan Lupa gandu gue balikin *
Ya begitulah
Bahagia itu ya saat gilak2an bareng teman2 lah
"Cantik itu gak harus putih
Tapi harus prempuan :v"
"Hai guys ikutan ga nya @karinaadevi yuk syarat syarat nya gampang  hadiahnya juga menarik ayo guys ikutan ya  habis ini mau diumumin siapa pemenangnya 
#gaspamnyakarinadev"
????
Say Wellcome to red hair huhuhu
???????????
"?? ????? ???! ???, ?? ????, ???? "
tb.
"@jimmyssby 
get a chance to get a doorprize!
- follow @jimmyssby
- repost this image
- add hashtag #jimmysblasterjaxx in caption
- tag @jimmyssby and 3 friends who likes? to party hard !
- quiz close on 17 may @ 00.00 WIB
you will get a free 1 bottle of "
Tif notif inginkan kamu
"Ugly girl is not a problem, the important is not hypocrisy.
•
•
•
•
#surabaya#picsart#Haters of hypocrites"
"Gunung lagi
.
.
.(124/365)"

Nemu di wattpad
'Kita ikutin gayanya chanyeol aja '
"Hidup itu sederhana, jika kamu senang tersenyumlah, jika kamu sedih tertawalah"
Smile !!
Bersama pelatih kita bisa berlomba 
Kita gini bukan berarti kita nakal tapi cuma menunjukkan kalau kita bangga sekolah sampai 12 tahun dan bisa lulus bareng makasih ya gaes buat 3 tahunnya bahagia bisa mengenal kalian sukses bareng ya ciwi2ku XII APK 4 . #angkatanterakhir90an
"Amatiran
M.E - Inikah cinta"
Fakpencitraan
I will never forget all the memories for the past 3 years
Suksess UNBK.
Bismillah sukses bersama
"Post lagi hehe 
Iseng doang
cherrybelle - love is you"
h - 6 un !!
Anjing ae Lak di sayang nurut mosok kon lak disayang tambah ngateli 
"Even if ugly but look at his heart first
•
•
........."
"Kalau kamu nggak suka begadang, biar aku yang suka kamu. Boycandra~
.
.
.
#lfl #fff"
"Kapan bisa se-gerbong sama kamu ??...
#longweekend"
"""Suatu saat kalian pasti ingat wajah-wajah mencurigakan dari foto ini"""
6/5/2017
Ew
"Gak keroso wes 3 tahun berlalu
Sukses UN"
Hbd mee! Bosen me dari kelas 7 ketemu terus udah tua me inget umur jangan kek anak kecil langgeng sama jalu ya inget katamu sampe 10 taun lagi baru putus sama jalu gara2 nikah kan ya smala bareng ya mee!! ??? @meirafiska13
kangen tida yaa  @daraxxi #2ne1
"Abaikan tangan saya
By. @elmiraazalia . @vanissafarhania"
"kesuksesan sama halnya seperti cinta , akan selalu ada jika mau berusaha dan tidak ada kata menyerah 
.
.
.
.
ps:dibalikk yaa wkwk "
"Keberhasilan itu perlu diperjuangkan, bukan hanya diimpikan."
"Kota seribu kenangan
#surabayahitz 
#aslisuroboyo"
"Baik ganal pipi pada ganal pander jerr
.
.
.(125/365)"
Skrrt skrrt @migos
"Jika nanti aku terlihat baik baik saja tanpamu , percayalah itu hanya sandiwara terbaikku."
"20170427
D-5 Final Exam
Semangat!!
God bless us
.
.
.
.
.
.
.
#latepost"
Berani untuk tegar
"Ah iya, ini di (China) Surabaya.
.
 Kenpark, Surabaya.
.
#surabaya #surabayapunyacerita #aslisuroboyo #lovesuroboyo #exploresurabaya #sparklingsurabaya #explorejatim"
Kangen
Terima kasih terhebatku 
Hihihi......
Kartini
Bibir ga nyelo #tb
eh ada cowo
Cek bahagiane tala :v
"Kangen rambut panjang
.
.
.(115/365)"
H-4 
"Happy Birthday Devil 
Semoga di beri umur yg barokah, tambah cantik, tambah pinter, berbakti sama ortu, nilainUN sesuai harapan.. Semoga semua impiannya di kabulkan 
Happy 15y.o
Semoga dama Chanyeol dikabulin yaa
HABEDE DOKTER TARDEPPP"
Ketoe lugu tibake wagu 
"Happy Birthday syafiqah anaknya pk yonoo
Wish u all the best
@syafiqahumairaa"
"Happy birthday paus syg ku 
ojok gupuhan, kurangi ngomel
Wish u all the best
@fauzah11_ld"
"My Beloved Person #3
Johannes Erwin Eugen Rommel
Julukan= ""The Desert Fox""
Penghargaan= 
Iron Cross, First Class
Iron Cross, Second Class
Pour le Mérite
Knight's Cross of the Iron Cross with Oak Leaves, Swords and Diamonds
Military Merit Cross (Austria-H"
Nggeng
"pokoke asyiq -wildan
@daniwildan123"
"Warnai hidupmu minum pylox tiap hari
.
.
.(130/365)"
dada
:'(
"Hi folks! I'm Anabela and i will cheer for Barstwo at the 9th ICA West Java Championship 2017. Sunday, May 14th 2017.  Come and cheer with me!! @cheerleadingindonesia @cheersjawabarat @exsportbags @clicksquare_id @ardanradio #kejurdacheers_barstwo"
"Temankan
@_haisyam 
@michsan_nxl"
"Follow wehh ""pengen di backprom katanya"""
"Nice to meet you ""Old friends""."
kamu adalah alasan mengapa aku tak mempunyai alasan untuk menyerah.
kucinta mereka
jelex
@ananda_cindy
With friend
#myfavourite#ariana#nathansykes#almostisneverenaugh#sosweet#tunewiki#thanks
#samakayakyanglainnyahastagnya#almostisneverenaugh
Summer day #summermagazine#fashionmode#Outfitcollage#summeroutfit#sunnie#alyamagazine#thanks
#Selfie#wthfriend @marsellsell&rara #thanks
Selfie wth mom... mom :*
"Tfl @bellatrineh makasihh yaa... jgn lupa follow ya... baik.
.likers..cantik.. good pokoknya"
#wisuda#Lookgreat #LOL #lovethis
#congratulation#graduation#happyending#maksihhh
?#latepost
Amsari's family
"Rasanya bakalan sakit saat tau orang yang kita cintai , mencintai sahabat kita. Parahanya sahabat kita juga suka dia  kan ya bingung mau gimana. Ya kalo dia masih punya rasa kasian sama sahabat, kalo ga ? Kelar idup lo "
#likeforlike
:)
spensa || go . fight. win
JRBL
Masih angetttt.. Minta ???
Siapppp merapattt
Minat ????? Info : 089677382062
Jfys
My beloved:*
:*

Les go to PIM
Steak
Harley-davidson
With my sista
Kangen kumpul :(
Gila enak banget
25oktober'14
Akc420
Dua duanya sama cantik
Mandi keringet bareng my name is 25 okto'14
Ajib
Voc jfys
Mosphit jfys
Ini sahabat aku dulu
Tidakkkkkkkkkkkkkkkkkk
Uculnyaa~
Aliando
Da Adek sampek ketemu lagi
:*
Selena gomez
Minta Rate nya 1-10
Bella ngapain mukanya kaya gitu
Hahahahahahahaha
Wings that beautifulrespect
#FotoRus
Love
10 November hari pahlawan
Mal bandar Jakarta
Paris
Aduh kalau mengingat masa lalu rasanya pingin ketawa hahahaahhahahaha
UPS..........
Siapa nih????
Santai bersama bro
Happy Birthday
Akc setelah baksos :)
Buapakku Hueroku
Mami jangan gugup
Idihhhhhhhhhhhhh
"Selamat hari IBU, kalian udah ngucapin belum?"
Lagi tidur di bangunin sama Bella suruh foto
100% Orang GAGAL mencoba
  selamat ulang tahun rafi semoga panjang umaur 
Selamat ulang tahun rafi 
?
Minta Rate nya 1-10
Death Note
Big hero
When i ride rollercoaster be like
Fail Cosplay
Wenak tenan sampek nambah
Aku kangen sama kamu
*^O^*
Liluuu. @liyawah
Selamat ulang tahun sekar 
 seram sekali awanya hitam 
#
Ketawa #hahaha @liyawah
Video makan pocky @khansanailaputrihartono
Kangen :(
 adek-adek 

Jfys
"Nggak selamanya orang yang sabar menunggu bakalan sabar nunggu situ yang ga pernah peka, ada kalanya orang itu lelah dan berhenti berharap. Saat dia berhenti berharap , dia gaakan care lagi sama orang yang ditunggunya. Saat itu orang yang ditunggunya baka"
Pergi ke tanjung perak 
#
"Invite guys (bagi yang kenal sama aku) mksh , soalnya kontak baru dikit "
Balekambang beach ... Beautiful natural view 
#Salma kirana nariswari #
Wah es krim di beli sama papa 
Foto di seskoal papa  untung gk dimarahin  kan gk boleh foto  di disitu 
Jangan Tanya Toko siapa
Sora (NO Game NO Life)
" #arianaaaaaaaaaaaaaaaaaaaaaaaaaaaaaaaaaaaaaaaaaaaaaaaaaaa
@arianagrande"
"Si buah hati ku,,,"
Levi
What Does The fox say
I LOVE YOU MOM
"Jalan2 sama temen SD, masyaallah seru banget "
Rock n roll 
I think im fat  cant stop eat anything 
Pramuka
PLN
Ketika izin ke WC dan di tanya guru
Why be a normal if no special ? 
"@cittapandita @hanumalya #lol#iwontgiveup 
Cameraby @hanumalya 
Singer = @cittapandita 
Vidiographer by @leahendrastoo 
Gitar sellyn"
remember this miss viola
Terus berjuang
Fashion quotes  ??
With brother!
Happy birthday lyla .. Zidan .. long last  umur panjangg  makin serassii  tambah keceee  tambah adek baruu muaachh muaachh 
Hbd lyla zidan 
@satriaandthemonster with Senior @gbluesshelter 
[1/366]
Berkacalah hingga lelah dan kau temukan apa saja kurang mu
"Akhirnya jd road captain ke bali 4 kr
@rafii_praswad"
"Malam tahun baru di kota palu, yg ada disana join yaaa, see you!! "
Strong kok
jjjjjjjj
Loss (gkrewel)
"Natapi cogan
#wkwkwkwk"
Friends
"Kebersamaan mengajarkan betapa indahnya hidup bersama walaupun tanpa pacar
.
.
.
.
.
#GeMania
#HariPahlawan
.
.
.
.
.
ciee stalkernya udh sampe akhir"
#sumber7 #malang #holiday
"ngarai sianok, bukittinggi #travelling#myholidays"
padang~~.#holidays#sepur#travelling#liburan
¥ummy 
Yum
#cute
%hinata
Kawaaaaiiiiiii 
"Senyumin aja deh
.
.
.
.
.
#with_MbkNab
#late_post"
my saudara
SoundCheck at Lapangan Watulemo Palu
Happy New Year All!! Semoga di tahun 2016 music semakin berjaya di Indonesia!!
"Akhirnya dapet juga ni hw
#hotwheels #hotwheelsindonesia #hotwheelssurabaya #hotwheelslangka #hotwheelscollectors #hwindonesia #hwindo"
Peri 
 #instasize #instagram #instaphoto #instapic #instgood #instaliker #likeforlike #like4like #like4follow #Malaysian #sarawakian #instafamous #follow4follow #malayteen #selfie
Ini foto gila gilaan
Kyk taek


Baru kali ini maen panggung setinggi ini:vv
Bb
Enak banget tidurnyaa~
Antara sedih ama pen ketawa -_- itu komuknya aneh semua coba wkwk :v
Kangenn....  #flashback #masaSD
Bagaimana pendapat anda?¿¡?!¿¡
Anak jalanan
#repost waiting for you  #instasize #like4like #thespring
Haha~
Holiday drumset #drumsoutlet #drumlook #drumset #keepdrumming #drums #drumtacs
No effect
women in black
Satria and THE MONSTER - Kandas @gbluesshelter at Rock To Banggai
Just another trip.
#instasize
I8 in the rain #bmw #i8
Kakak teralay
Serizawa paling oke
#merrychristmas
Hahahaha
#instasize #instagram #instapic #like4like #like4follow #follow4follow #selfie #ootd #malaysia #malayteen #like4follow
Waiting for you  #instasize #instagram #instapic #selfie #ootd #goodnight #like4like #like4follow #follow4follow #malaysian #sarawakian #thespring #followme #malayteen #likeforlike #likers
"Bebas merdeka - smartband
.
.
@sabiancymbals_official @sonordrumco #drumming #smpn19sby #indomusikgram @indomusikgram"
#tb Skate
".
Semua akan indah pada waktu nya ^^"
Adek kaffa
Buat seseorang
Pcr di hari natal
#mobilephotography  #phonephotography
"New Stackerrrr
#cymbal #stackcymbal #sizzler #meinl #stagg"
Manusia pasti akan berubah suatu saat.
#banyutibo #beach
#drumming #drum #wincentdrumsticks @180drums #sonordrum #meinlcymbal #maengajelas #drumsoutlet #drummingco #drumlook #zoomq4 #drumtacs #drummeroftheday
Asek
First selfie of 2016
